INVOICE_ID,INVOICE_NUMBER,SUPPLIER_ID,PO_LINE_ID,INVOICE_DATE,INVOICED_QTY,UOM,UNIT_PRICE,CURRENCY,AMOUNT
1,INV-6382,6,1448,2024-01-03,223,LTR,189.11,EUR,42171.53
2,INV-5490,5,822,2024-01-09,38,KG,152.2,EUR,5783.6
3,INV-2493,9,1540,2024-09-04,341,LTR,317.09,EUR,108127.69
4,INV-2980,5,1167,2024-01-15,183,LTR,259.8,USD,47543.4
5,INV-3030,10,231,2024-04-02,196,LTR,274.34,EUR,53770.64
6,INV-6956,7,1121,2024-10-05,339,KG,499.67,USD,169388.13
7,INV-5446,10,1748,2025-08-27,376,KG,421.07,GBP,158322.32
8,INV-8254,6,1191,2025-02-09,356,KG,320.78,GBP,114197.68
9,INV-5293,8,273,2025-01-21,391,LTR,327.08,GBP,127888.28
10,INV-9992,3,1731,2024-04-23,340,LTR,286.39,GBP,97372.6
11,INV-3174,3,697,2025-10-06,83,KG,244.38,EUR,20283.54
12,INV-2574,9,839,2025-09-03,108,EA,363.99,USD,39310.92
13,INV-6468,10,1288,2025-01-07,426,LTR,242.61,USD,103351.86
14,INV-5688,3,1732,2024-09-16,225,KG,466.58,GBP,104980.5
15,INV-3058,6,287,2024-11-27,68,KG,458.18,USD,31156.24
16,INV-6218,10,1513,2025-08-12,320,KG,17.99,USD,5756.8
17,INV-1997,3,813,2024-09-08,279,LTR,129.71,EUR,36189.09
18,INV-5913,3,1698,2024-10-08,261,EA,290.24,EUR,75752.64
19,INV-8579,4,1956,2024-07-20,436,EA,390.46,EUR,170240.56
20,INV-9831,6,245,2024-10-22,394,KG,266.11,USD,104847.34
21,INV-5442,2,1452,2025-03-26,162,KG,488.29,USD,79102.98
22,INV-1935,6,1969,2024-01-29,437,KG,409.8,GBP,179082.6
23,INV-7013,10,1567,2025-03-27,460,KG,445.48,EUR,204920.8
24,INV-4352,9,1397,2025-10-20,256,LTR,342.56,GBP,87695.36
25,INV-9348,8,883,2024-07-16,374,EA,5.75,GBP,2150.5
26,INV-8664,10,312,2025-12-17,175,KG,106.42,USD,18623.5
27,INV-8761,4,1711,2024-05-09,258,EA,417.84,EUR,107802.72
28,INV-4307,3,542,2025-04-02,428,EA,443.11,GBP,189651.08
29,INV-1452,3,1102,2025-07-08,7,KG,20.71,EUR,144.97
30,INV-7631,6,892,2025-04-24,245,EA,382.61,GBP,93739.45
31,INV-3973,7,252,2025-04-07,429,LTR,465.24,EUR,199587.96
32,INV-5032,7,1589,2025-12-02,365,KG,76.45,GBP,27904.25
33,INV-5308,1,1792,2025-07-21,361,EA,131.05,GBP,47309.05
34,INV-5204,3,665,2024-03-31,158,EA,39.18,EUR,6190.44
35,INV-1640,4,1941,2025-01-29,13,KG,125.3,USD,1628.9
36,INV-6563,10,773,2024-07-02,252,EA,178.67,EUR,45024.84
37,INV-9753,10,785,2024-08-16,271,EA,31.72,GBP,8596.12
38,INV-1967,10,481,2025-05-10,86,KG,454.77,GBP,39110.22
39,INV-3225,10,1830,2024-10-29,255,EA,375.8,USD,95829.0
40,INV-9553,9,1432,2025-05-03,199,LTR,458.27,USD,91195.73
41,INV-9237,8,311,2024-12-22,33,EA,153.5,GBP,5065.5
42,INV-8540,9,1028,2024-12-10,300,KG,412.73,GBP,123819.0
43,INV-4951,1,1467,2024-01-20,470,EA,381.81,USD,179450.7
44,INV-1671,10,1199,2025-03-10,268,LTR,375.84,USD,100725.12
45,INV-7138,6,1335,2025-10-09,59,KG,448.72,EUR,26474.48
46,INV-3720,1,176,2024-08-12,309,EA,14.72,EUR,4548.48
47,INV-1490,10,350,2024-08-23,87,EA,496.99,GBP,43238.13
48,INV-6982,9,299,2025-07-29,264,LTR,440.34,GBP,116249.76
49,INV-7776,6,48,2024-07-16,474,LTR,217.51,EUR,103099.74
50,INV-2180,8,1196,2025-08-28,233,KG,337.92,EUR,78735.36
51,INV-7666,3,745,2024-09-23,346,KG,79.09,GBP,27365.14
52,INV-7553,4,1230,2024-04-16,286,LTR,312.81,EUR,89463.66
53,INV-3434,3,1751,2025-05-18,494,KG,124.1,USD,61305.4
54,INV-1644,10,210,2025-04-07,129,KG,360.23,GBP,46469.67
55,INV-9029,5,1693,2025-08-31,243,EA,163.78,EUR,39798.54
56,INV-7006,10,1171,2025-01-06,413,EA,419.1,GBP,173088.3
57,INV-5609,4,1533,2024-10-01,119,EA,248.25,USD,29541.75
58,INV-6273,7,1863,2025-11-08,176,LTR,110.56,GBP,19458.56
59,INV-2382,6,1458,2024-02-10,466,EA,332.67,GBP,155024.22
60,INV-2398,6,31,2025-10-12,201,KG,42.54,GBP,8550.54
61,INV-3626,6,1394,2024-05-21,288,KG,150.27,USD,43277.76
62,INV-3603,1,1824,2025-03-07,25,KG,170.47,USD,4261.75
63,INV-6661,3,1226,2024-10-01,200,LTR,7.84,EUR,1568.0
64,INV-5855,10,752,2025-06-05,153,EA,119.87,GBP,18340.11
65,INV-8169,8,334,2025-08-17,206,KG,11.05,EUR,2276.3
66,INV-1386,5,672,2024-03-29,244,LTR,141.93,EUR,34630.92
67,INV-3051,3,1663,2025-07-22,149,LTR,409.24,EUR,60976.76
68,INV-9415,5,873,2025-01-14,373,KG,96.69,EUR,36065.37
69,INV-1155,3,914,2024-01-13,488,KG,473.92,EUR,231272.96
70,INV-8950,8,1110,2025-05-13,335,KG,150.05,EUR,50266.75
71,INV-4223,3,1466,2025-06-17,424,LTR,73.38,EUR,31113.12
72,INV-3797,9,855,2024-09-26,437,LTR,207.05,GBP,90480.85
73,INV-9543,5,1581,2025-07-06,161,KG,120.19,GBP,19350.59
74,INV-3544,8,472,2025-11-22,311,EA,26.41,USD,8213.51
75,INV-1250,6,902,2024-10-09,265,KG,309.2,EUR,81938.0
76,INV-8983,4,939,2024-06-23,220,LTR,430.78,USD,94771.6
77,INV-3849,3,710,2024-03-13,298,KG,104.27,USD,31072.46
78,INV-9404,4,158,2025-08-13,451,KG,129.46,EUR,58386.46
79,INV-4382,9,227,2025-01-26,293,LTR,260.56,EUR,76344.08
80,INV-7843,6,1420,2024-07-26,460,EA,385.42,EUR,177293.2
81,INV-4364,10,253,2025-03-21,189,EA,303.99,USD,57454.11
82,INV-6571,2,1405,2024-01-26,21,LTR,317.4,EUR,6665.4
83,INV-9756,3,913,2024-11-10,50,EA,226.98,EUR,11349.0
84,INV-3787,5,1045,2024-10-20,312,LTR,195.07,EUR,60861.84
85,INV-5302,8,1891,2024-08-23,425,LTR,104.5,EUR,44412.5
86,INV-1298,8,16,2024-04-06,88,KG,163.7,USD,14405.6
87,INV-3820,8,1074,2025-11-27,293,KG,290.33,EUR,85066.69
88,INV-4575,5,772,2025-12-01,147,KG,163.44,USD,24025.68
89,INV-4451,6,153,2025-07-11,59,KG,418.63,GBP,24699.17
90,INV-1778,5,1713,2025-01-09,112,EA,161.46,GBP,18083.52
91,INV-7335,7,1101,2024-05-14,36,LTR,88.23,GBP,3176.28
92,INV-8216,7,1381,2025-09-30,6,EA,359.75,GBP,2158.5
93,INV-8814,6,1336,2025-06-13,30,EA,274.51,EUR,8235.3
94,INV-8921,8,251,2024-02-11,408,EA,407.08,EUR,166088.64
95,INV-8765,10,1184,2024-05-23,429,KG,395.42,EUR,169635.18
96,INV-2754,7,118,2024-07-10,127,LTR,85.94,USD,10914.38
97,INV-3337,8,1111,2024-02-19,447,EA,156.83,EUR,70103.01
98,INV-3972,8,1195,2025-05-20,341,KG,12.96,EUR,4419.36
99,INV-1385,10,554,2024-03-29,32,KG,292.91,USD,9373.12
100,INV-7906,6,173,2024-04-11,48,EA,245.3,EUR,11774.4
101,INV-2728,2,381,2025-05-08,81,LTR,281.7,EUR,22817.7
102,INV-4693,1,5,2024-10-10,338,KG,434.23,GBP,146769.74
103,INV-9664,7,171,2025-04-06,169,EA,183.64,USD,31035.16
104,INV-2933,10,1832,2024-12-15,482,KG,494.17,GBP,238189.94
105,INV-6683,8,641,2024-05-07,417,KG,204.86,GBP,85426.62
106,INV-2453,1,1687,2024-07-22,22,KG,23.78,EUR,523.16
107,INV-7674,3,230,2025-04-14,121,EA,431.9,USD,52259.9
108,INV-8310,9,1424,2024-04-15,138,KG,404.87,GBP,55872.06
109,INV-4200,8,1075,2024-01-12,219,KG,97.69,EUR,21394.11
110,INV-3850,10,332,2025-11-11,229,EA,280.24,EUR,64174.96
111,INV-2656,1,1847,2025-07-31,89,LTR,425.75,GBP,37891.75
112,INV-5500,1,1284,2024-09-19,85,LTR,116.24,GBP,9880.4
113,INV-2687,7,626,2024-12-12,394,KG,337.68,GBP,133045.92
114,INV-6438,3,1418,2024-01-07,406,LTR,499.32,GBP,202723.92
115,INV-6557,10,72,2025-03-07,213,EA,144.82,USD,30846.66
116,INV-2960,1,875,2024-05-03,257,LTR,498.22,EUR,128042.54
117,INV-6444,10,735,2024-06-13,209,LTR,223.27,USD,46663.43
118,INV-5029,4,668,2025-12-21,459,EA,79.02,GBP,36270.18
119,INV-9507,7,305,2025-01-04,417,EA,46.92,EUR,19565.64
120,INV-9678,8,1721,2024-04-18,173,LTR,421.98,GBP,73002.54
121,INV-4453,6,446,2025-08-23,203,KG,105.76,EUR,21469.28
122,INV-3257,8,200,2025-12-06,373,EA,21.3,USD,7944.9
123,INV-1657,2,893,2024-02-22,382,KG,115.69,USD,44193.58
124,INV-3270,8,186,2024-07-03,166,EA,276.61,GBP,45917.26
125,INV-5478,2,167,2025-04-06,401,KG,109.11,GBP,43753.11
126,INV-6575,6,29,2024-08-15,153,EA,272.79,GBP,41736.87
127,INV-4769,4,405,2024-08-10,36,EA,368.52,EUR,13266.72
128,INV-9732,10,1128,2024-01-23,69,EA,440.27,GBP,30378.63
129,INV-2519,8,969,2025-03-13,98,KG,435.18,GBP,42647.64
130,INV-4630,9,1325,2025-10-21,66,EA,272.75,GBP,18001.5
131,INV-7659,9,1538,2024-02-22,289,KG,417.36,EUR,120617.04
132,INV-1185,7,1803,2024-05-11,101,KG,76.03,GBP,7679.03
133,INV-1810,10,1628,2024-11-10,164,KG,163.7,EUR,26846.8
134,INV-8679,3,478,2024-10-13,267,EA,261.84,GBP,69911.28
135,INV-5864,6,523,2025-09-06,272,EA,353.91,GBP,96263.52
136,INV-1048,1,1331,2025-10-13,8,KG,65.13,EUR,521.04
137,INV-9845,2,302,2025-05-10,22,LTR,83.24,GBP,1831.28
138,INV-8991,7,870,2025-08-21,339,EA,191.96,USD,65074.44
139,INV-8276,4,414,2024-03-10,62,EA,252.28,USD,15641.36
140,INV-5765,6,1282,2025-06-27,323,KG,35.4,EUR,11434.2
141,INV-2067,10,1512,2024-09-30,274,LTR,56.6,USD,15508.4
142,INV-5174,1,1304,2025-05-15,209,KG,90.91,USD,19000.19
143,INV-9383,10,821,2024-05-28,353,EA,434.13,USD,153247.89
144,INV-5433,6,84,2024-04-12,292,EA,370.94,EUR,108314.48
145,INV-2251,6,1112,2024-11-11,7,EA,492.81,USD,3449.67
146,INV-3861,1,326,2024-05-05,75,LTR,197.45,EUR,14808.75
147,INV-6066,7,489,2025-03-04,200,EA,422.8,EUR,84560.0
148,INV-1655,7,354,2024-07-17,61,EA,66.93,GBP,4082.73
149,INV-6675,10,1935,2025-03-28,273,EA,162.73,EUR,44425.29
150,INV-1738,9,1615,2025-02-20,236,LTR,203.09,USD,47929.24
151,INV-8294,2,790,2024-05-18,272,KG,215.1,USD,58507.2
152,INV-9997,8,1194,2025-03-18,186,KG,126.19,EUR,23471.34
153,INV-5217,5,687,2025-10-22,77,KG,328.72,EUR,25311.44
154,INV-5497,2,566,2024-11-18,138,EA,339.12,EUR,46798.56
155,INV-5032,9,819,2024-07-24,140,KG,441.54,USD,61815.6
156,INV-9112,5,387,2024-09-20,303,EA,275.04,EUR,83337.12
157,INV-3163,6,1672,2025-01-27,435,LTR,286.91,USD,124805.85
158,INV-9734,5,1011,2025-02-08,63,KG,147.42,GBP,9287.46
159,INV-6479,8,1058,2024-09-29,488,EA,453.0,EUR,221064.0
160,INV-8952,1,1034,2024-04-15,175,EA,265.96,USD,46543.0
161,INV-2597,1,657,2024-04-17,411,LTR,223.02,USD,91661.22
162,INV-3447,3,1456,2025-12-04,388,LTR,242.26,EUR,93996.88
163,INV-8140,8,1528,2025-09-17,20,KG,76.65,USD,1533.0
164,INV-3518,5,401,2025-10-08,422,EA,7.48,GBP,3156.56
165,INV-7180,9,1849,2024-03-25,199,KG,233.08,USD,46382.92
166,INV-5728,4,1437,2024-03-25,348,LTR,388.23,GBP,135104.04
167,INV-5636,9,986,2025-11-19,460,KG,58.95,GBP,27117.0
168,INV-8675,2,1124,2024-08-29,281,EA,225.59,EUR,63390.79
169,INV-6239,5,452,2025-06-02,422,LTR,433.36,EUR,182877.92
170,INV-3577,5,1780,2024-05-30,10,LTR,151.11,EUR,1511.1
171,INV-1038,3,1632,2025-12-24,234,LTR,127.48,GBP,29830.32
172,INV-3497,3,477,2024-07-03,8,EA,454.4,GBP,3635.2
173,INV-8973,10,1091,2024-09-16,331,EA,493.8,GBP,163447.8
174,INV-4644,2,742,2024-03-21,307,KG,53.66,GBP,16473.62
175,INV-1343,7,1292,2024-11-06,348,LTR,393.69,USD,137004.12
176,INV-9509,10,122,2025-12-26,250,KG,290.42,USD,72605.0
177,INV-2937,3,222,2024-10-27,319,LTR,150.56,USD,48028.64
178,INV-1434,3,1637,2024-11-07,199,EA,114.84,USD,22853.16
179,INV-2466,3,522,2025-10-21,43,KG,63.85,EUR,2745.55
180,INV-2227,8,1936,2025-10-24,282,LTR,188.28,USD,53094.96
181,INV-7433,5,22,2025-09-08,126,KG,496.81,GBP,62598.06
182,INV-3597,9,703,2025-05-23,488,LTR,151.69,GBP,74024.72
183,INV-8560,3,794,2024-05-07,260,EA,44.05,GBP,11453.0
184,INV-8169,9,1585,2024-07-12,492,LTR,299.42,GBP,147314.64
185,INV-7493,10,709,2024-06-15,277,LTR,435.76,GBP,120705.52
186,INV-1396,3,317,2024-10-02,402,EA,91.38,EUR,36734.76
187,INV-1516,5,1013,2025-04-23,367,EA,136.75,GBP,50187.25
188,INV-9569,9,1724,2024-04-17,53,KG,102.54,EUR,5434.62
189,INV-1535,8,636,2024-05-18,143,LTR,277.28,GBP,39651.04
190,INV-5163,1,848,2024-08-28,266,KG,380.64,EUR,101250.24
191,INV-7269,10,1386,2024-12-24,225,LTR,63.45,EUR,14276.25
192,INV-3532,1,509,2024-01-03,500,EA,119.77,EUR,59885.0
193,INV-2628,9,370,2025-08-17,262,EA,254.05,GBP,66561.1
194,INV-2345,1,1559,2025-09-21,285,KG,81.14,GBP,23124.9
195,INV-9998,4,1040,2024-04-11,26,KG,418.73,EUR,10886.98
196,INV-5480,6,30,2024-11-13,81,KG,69.45,GBP,5625.45
197,INV-7634,6,993,2025-12-17,114,LTR,494.72,USD,56398.08
198,INV-5133,8,1702,2025-01-31,112,LTR,273.73,GBP,30657.76
199,INV-6966,5,1270,2024-04-15,233,LTR,353.09,EUR,82269.97
200,INV-7200,9,378,2025-01-26,375,LTR,126.26,EUR,47347.5
201,INV-1358,10,165,2025-12-10,267,LTR,66.12,USD,17654.04
202,INV-5344,6,1717,2024-09-30,8,KG,215.04,GBP,1720.32
203,INV-5277,7,861,2025-11-06,418,EA,445.63,GBP,186273.34
204,INV-4673,10,1840,2025-05-17,383,EA,34.46,USD,13198.18
205,INV-9837,7,1706,2025-01-15,289,KG,32.37,EUR,9354.93
206,INV-9612,9,1982,2025-10-12,157,KG,80.33,EUR,12611.81
207,INV-6744,5,1643,2025-11-17,348,EA,264.63,USD,92091.24
208,INV-5788,6,1367,2025-05-10,191,LTR,338.6,EUR,64672.6
209,INV-8476,5,1163,2025-10-11,401,KG,457.26,EUR,183361.26
210,INV-2248,1,658,2024-05-28,64,LTR,328.27,USD,21009.28
211,INV-9014,10,1842,2024-03-06,428,KG,256.79,USD,109906.12
212,INV-9169,8,548,2025-06-09,45,KG,140.09,GBP,6304.05
213,INV-1446,8,1654,2024-08-31,66,KG,413.85,USD,27314.1
214,INV-8866,2,1579,2025-12-17,57,LTR,468.55,USD,26707.35
215,INV-6894,6,351,2025-09-11,418,EA,211.85,EUR,88553.3
216,INV-7868,1,1268,2025-11-22,190,LTR,32.71,EUR,6214.9
217,INV-8418,1,1601,2024-12-08,246,KG,89.09,GBP,21916.14
218,INV-4032,5,271,2024-03-27,234,EA,390.61,USD,91402.74
219,INV-2115,10,932,2025-07-24,205,KG,26.53,EUR,5438.65
220,INV-3569,4,1445,2025-11-18,298,EA,94.34,EUR,28113.32
221,INV-1774,2,898,2025-04-12,225,KG,239.29,GBP,53840.25
222,INV-1869,3,570,2025-11-21,426,LTR,240.92,GBP,102631.92
223,INV-4254,7,1291,2024-03-15,435,LTR,164.81,USD,71692.35
224,INV-4903,9,610,2024-08-04,234,KG,432.49,GBP,101202.66
225,INV-4335,7,727,2025-08-06,195,KG,212.53,GBP,41443.35
226,INV-1347,2,1915,2025-02-05,289,EA,217.98,GBP,62996.22
227,INV-7766,1,1603,2024-01-25,145,KG,9.58,GBP,1389.1
228,INV-4448,3,1661,2025-08-13,209,EA,462.25,USD,96610.25
229,INV-1094,1,817,2025-07-31,455,LTR,105.63,EUR,48061.65
230,INV-7163,6,505,2024-04-30,199,LTR,263.44,GBP,52424.56
231,INV-1652,8,1945,2024-09-08,474,EA,358.47,GBP,169914.78
232,INV-4248,7,488,2025-12-17,201,LTR,255.96,EUR,51447.96
233,INV-6614,5,846,2024-11-27,461,EA,198.74,GBP,91619.14
234,INV-1229,5,458,2025-12-31,67,EA,428.42,EUR,28704.14
235,INV-4167,5,234,2024-01-09,87,EA,414.1,EUR,36026.7
236,INV-4122,8,1966,2024-11-10,262,KG,26.75,USD,7008.5
237,INV-9785,2,978,2025-11-26,157,EA,117.14,XXX,18390.98
238,INV-1937,9,1254,2025-04-06,62,LTR,117.79,USD,7302.98
239,INV-9432,10,1775,2024-01-15,226,EA,30.64,USD,6924.64
240,INV-9446,5,1248,2025-04-03,400,KG,12.13,USD,4852.0
241,INV-1580,4,558,2025-10-09,172,KG,38.27,EUR,6582.44
242,INV-9603,10,661,2025-08-18,238,KG,370.13,USD,88090.94
243,INV-8514,1,844,2025-05-29,436,LTR,191.9,GBP,83668.4
244,INV-2829,3,1118,2025-07-28,110,LTR,168.29,USD,18511.9
245,INV-4365,6,1139,2025-03-18,107,KG,419.39,EUR,44874.73
246,INV-2646,8,1357,2025-07-15,222,KG,370.11,GBP,82164.42
247,INV-8988,9,1754,2025-10-27,48,LTR,497.22,GBP,23866.56
248,INV-8404,7,1809,2024-08-05,319,LTR,13.49,GBP,4303.31
249,INV-8164,5,1928,2024-12-27,434,KG,112.62,EUR,48877.08
250,INV-8118,2,1295,2025-01-01,177,EA,462.53,EUR,81867.81
251,INV-5375,1,1269,2024-09-15,330,EA,13.57,EUR,4478.1
252,INV-8146,1,1244,2025-11-29,311,KG,16.32,EUR,5075.52
253,INV-3452,9,987,2024-07-01,333,EA,113.37,GBP,37752.21
254,INV-2824,7,280,2024-08-28,321,EA,51.39,GBP,16496.19
255,INV-9356,9,695,2024-06-04,499,KG,291.71,EUR,145563.29
256,INV-3502,10,112,2025-01-29,245,EA,156.07,USD,38237.15
257,INV-3953,5,1043,2024-10-17,186,KG,420.78,EUR,78265.08
258,INV-3961,1,1975,2024-05-14,415,LTR,491.41,EUR,203935.15
259,INV-7401,10,346,2024-02-17,174,LTR,221.23,GBP,38494.02
260,INV-5602,2,18,2024-07-23,213,LTR,302.61,USD,64455.93
261,INV-8167,6,1560,2024-03-01,37,LTR,303.99,USD,11247.63
262,INV-8778,6,154,2025-04-16,264,KG,87.81,GBP,23181.84
263,INV-9663,2,1228,2024-02-20,100,KG,494.39,GBP,49439.0
264,INV-6958,10,828,2024-11-29,455,LTR,354.01,GBP,161074.55
265,INV-8356,7,238,2024-07-03,196,KG,88.8,EUR,17404.8
266,INV-7637,3,1260,2024-11-03,234,KG,362.72,USD,84876.48
267,INV-8608,6,1355,2025-08-12,24,KG,270.12,GBP,6482.88
268,INV-1681,5,877,2024-06-07,295,LTR,446.69,USD,131773.55
269,INV-3603,6,1183,2025-09-27,463,LTR,87.49,EUR,40507.87
270,INV-9124,7,52,2025-02-09,225,EA,347.34,EUR,78151.5
271,INV-4877,10,701,2024-03-05,161,KG,72.34,GBP,11646.74
272,INV-8445,4,1439,2025-09-02,418,KG,150.17,GBP,62771.06
273,INV-1164,10,1462,2025-07-22,385,EA,184.0,USD,70840.0
274,INV-3026,3,1950,2024-02-27,205,LTR,324.35,EUR,66491.75
275,INV-2857,6,85,2024-02-06,145,LTR,261.47,EUR,37913.15
276,INV-4664,8,1626,2024-09-24,63,LTR,189.55,GBP,11941.65
277,INV-7298,7,1836,2025-06-30,47,KG,384.81,EUR,18086.07
278,INV-1181,7,625,2025-04-12,77,KG,247.57,USD,19062.89
279,INV-9730,9,1678,2025-08-18,444,EA,244.65,EUR,108624.6
280,INV-8553,6,1958,2025-06-15,268,EA,16.89,USD,4526.52
281,INV-8245,8,342,2025-01-26,223,EA,184.84,GBP,41219.32
282,INV-6103,5,1093,2024-10-09,99,KG,31.08,USD,3076.92
283,INV-7489,7,295,2024-03-28,488,LTR,97.56,EUR,47609.28
284,INV-8256,4,1393,2024-12-26,223,LTR,383.83,GBP,85594.09
285,INV-6376,9,1344,2025-08-16,127,LTR,347.7,GBP,44157.9
286,INV-6835,5,904,2025-01-10,288,KG,160.71,EUR,46284.48
287,INV-1058,3,144,2024-08-16,436,LTR,153.61,GBP,66973.96
288,INV-2131,5,541,2025-09-15,241,EA,228.21,GBP,54998.61
289,INV-3617,2,1961,2025-01-06,408,LTR,467.07,EUR,190564.56
290,INV-7570,10,1739,2025-09-06,246,LTR,356.44,EUR,87684.24
291,INV-2280,10,1616,2024-07-07,85,LTR,99.94,GBP,8494.9
292,INV-7404,1,338,2025-02-05,493,KG,443.96,USD,218872.28
293,INV-8189,4,581,2025-10-03,395,LTR,334.06,USD,131953.7
294,INV-2033,7,1088,2024-06-25,292,KG,406.18,EUR,118604.56
295,INV-4916,7,1389,2025-08-11,386,EA,152.57,GBP,58892.02
296,INV-7312,10,607,2024-09-21,212,EA,479.64,USD,101683.68
297,INV-8269,10,531,2025-01-22,3,EA,48.33,USD,144.99
298,INV-8618,2,379,2025-01-03,245,EA,272.37,EUR,66730.65
299,INV-7099,6,818,2025-08-27,463,EA,197.95,USD,91650.85
300,INV-3340,7,958,2024-09-22,335,KG,115.81,EUR,38796.35
301,INV-5008,1,945,2025-02-12,487,LTR,449.94,USD,219120.78
302,INV-9177,4,467,2025-09-27,217,EA,219.56,GBP,47644.52
303,INV-3205,10,1953,2025-09-17,75,KG,43.75,EUR,3281.25
304,INV-3773,4,557,2024-12-14,478,EA,261.74,EUR,125111.72
305,INV-3704,1,366,2025-05-12,325,KG,158.55,GBP,51528.75
306,INV-5376,4,1231,2025-10-07,94,KG,147.32,EUR,13848.08
307,INV-3557,10,1296,2024-08-26,187,KG,324.82,GBP,60741.34
308,INV-5244,1,41,2024-02-14,18,LTR,460.16,GBP,8282.88
309,INV-9163,10,232,2025-03-11,182,KG,448.74,EUR,81670.68
310,INV-8217,10,729,2025-07-07,378,KG,194.6,EUR,73558.8
311,INV-9013,10,91,2024-08-14,237,KG,335.92,USD,79613.04
312,INV-5290,4,286,2025-01-03,354,KG,423.72,EUR,149996.88
313,INV-9273,8,1489,2024-01-07,22,KG,61.69,EUR,1357.18
314,INV-9313,1,1793,2024-10-06,451,KG,316.11,GBP,142565.61
315,INV-3149,2,831,2024-05-18,6,EA,362.57,USD,2175.42
316,INV-9069,3,568,2024-10-05,144,LTR,58.65,USD,8445.6
317,INV-7027,2,1727,2024-04-22,479,LTR,210.03,USD,100604.37
318,INV-7961,3,471,2024-11-20,197,LTR,136.93,GBP,26975.21
319,INV-2491,4,984,2024-11-05,216,KG,449.92,GBP,97182.72
320,INV-1984,7,1072,2024-02-12,319,LTR,15.19,EUR,4845.61
321,INV-7372,2,1206,2025-05-20,370,EA,491.77,EUR,181954.9
322,INV-7296,6,47,2024-02-02,64,KG,59.67,EUR,3818.88
323,INV-3532,1,527,2025-10-05,144,EA,73.07,USD,10522.08
324,INV-8721,9,1865,2024-09-12,346,KG,491.04,USD,169899.84
325,INV-7053,4,1722,2025-12-02,402,KG,479.09,EUR,192594.18
326,INV-1631,2,864,2024-07-25,287,EA,224.05,EUR,64302.35
327,INV-3592,9,1553,2025-03-15,81,EA,310.47,GBP,25148.07
328,INV-6473,8,126,2025-08-16,368,KG,236.6,USD,87068.8
329,INV-9287,2,977,2024-11-28,183,EA,398.68,GBP,72958.44
330,INV-6132,4,213,2024-03-26,316,EA,407.72,USD,128839.52
331,INV-8356,4,277,2024-07-24,394,LTR,134.4,EUR,52953.6
332,INV-2821,2,1963,2024-05-24,245,EA,331.2,EUR,81144.0
333,INV-1478,10,529,2025-05-28,484,EA,411.21,GBP,199025.64
334,INV-4241,5,214,2024-09-13,466,LTR,458.36,EUR,213595.76
335,INV-8049,9,1412,2025-09-26,454,LTR,186.87,EUR,84838.98
336,INV-8655,7,796,2025-07-09,273,EA,304.69,GBP,83180.37
337,INV-2287,7,795,2024-12-05,165,EA,385.73,GBP,63645.45
338,INV-6788,9,289,2025-10-22,322,LTR,450.84,GBP,145170.48
339,INV-1796,6,1561,2025-01-16,452,EA,288.84,USD,130555.68
340,INV-6934,3,860,2024-11-06,199,LTR,69.85,EUR,13900.15
341,INV-9445,6,7,2024-02-03,251,KG,70.59,GBP,17718.09
342,INV-4684,10,1829,2024-07-25,191,LTR,365.88,USD,69883.08
343,INV-2802,2,53,2024-11-17,120,EA,366.67,USD,44000.4
344,INV-3745,9,136,2024-03-10,196,KG,179.23,GBP,35129.08
345,INV-6958,5,937,2024-10-17,361,KG,22.07,EUR,7967.27
346,INV-8657,9,587,2025-10-20,208,KG,386.15,GBP,80319.2
347,INV-7084,4,1595,2024-05-22,205,EA,348.15,USD,71370.75
348,INV-3793,3,1315,2025-10-22,210,EA,325.5,GBP,68355.0
349,INV-3301,3,933,2024-07-18,215,LTR,398.76,USD,85733.4
350,INV-4768,3,389,2024-01-22,142,LTR,211.85,GBP,30082.7
351,INV-2237,9,503,2024-11-14,69,KG,330.24,EUR,22786.56
352,INV-8505,1,1469,2025-12-29,184,KG,481.35,USD,88568.4
353,INV-2989,3,793,2025-07-13,38,KG,153.54,GBP,5834.52
354,INV-5682,3,388,2024-04-09,101,KG,172.96,GBP,17468.96
355,INV-5154,8,430,2025-12-03,406,KG,463.29,EUR,188095.74
356,INV-9953,1,61,2025-07-17,205,LTR,192.68,EUR,39499.4
357,INV-4183,2,1535,2025-02-02,141,EA,169.18,USD,23854.38
358,INV-9857,6,32,2024-02-19,484,LTR,404.06,GBP,195565.04
359,INV-1353,4,1799,2025-04-01,53,KG,329.53,USD,17465.09
360,INV-6315,10,1116,2024-02-26,123,LTR,49.79,EUR,6124.17
361,INV-5159,3,743,2025-01-29,17,LTR,183.77,GBP,3124.09
362,INV-3459,7,323,2025-12-30,36,EA,488.79,USD,17596.44
363,INV-3853,9,1850,2024-07-16,275,EA,76.56,USD,21054.0
364,INV-2176,3,75,2024-03-20,304,LTR,418.45,USD,127208.8
365,INV-1012,2,538,2025-07-15,128,KG,197.3,USD,25254.4
366,INV-2133,5,782,2025-03-04,99,LTR,407.3,EUR,40322.7
367,INV-9310,7,1120,2025-06-19,57,KG,379.15,USD,21611.55
368,INV-1475,3,145,2025-10-11,124,KG,33.15,GBP,4110.6
369,INV-7518,3,1939,2025-01-16,298,KG,483.8,USD,144172.4
370,INV-9379,10,1337,2024-03-03,411,KG,183.86,EUR,75566.46
371,INV-6042,10,1423,2024-11-22,14,LTR,395.03,EUR,5530.42
372,INV-9332,5,1811,2024-07-03,244,LTR,225.03,EUR,54907.32
373,INV-2574,8,310,2025-01-01,332,EA,174.47,GBP,57924.04
374,INV-4574,3,951,2024-01-25,115,LTR,218.3,EUR,25104.5
375,INV-3526,7,722,2025-05-25,458,LTR,91.85,GBP,42067.3
376,INV-9964,7,1808,2025-07-02,190,KG,166.68,GBP,31669.2
377,INV-3770,7,256,2024-10-05,166,LTR,234.51,EUR,38928.66
378,INV-8672,6,1134,2024-03-17,443,LTR,461.71,USD,204537.53
379,INV-7769,10,1490,2025-08-29,240,LTR,133.47,GBP,32032.8
380,INV-7021,6,1821,2024-08-17,107,EA,494.94,GBP,52958.58
381,INV-7192,10,501,2025-10-09,277,KG,493.72,USD,136760.44
382,INV-9806,3,606,2024-08-02,182,EA,5.77,USD,1050.14
383,INV-6495,5,540,2025-08-05,354,EA,234.68,GBP,83076.72
384,INV-8844,7,304,2024-04-03,108,KG,301.71,EUR,32584.68
385,INV-3643,8,341,2025-06-13,375,EA,375.98,GBP,140992.5
386,INV-5706,5,1004,2024-09-12,276,EA,414.3,USD,114346.8
387,INV-8703,2,358,2025-12-16,480,LTR,186.48,USD,89510.4
388,INV-4449,8,1797,2024-01-13,412,LTR,292.6,EUR,120551.2
389,INV-8654,10,1387,2024-03-04,444,KG,307.01,EUR,136312.44
390,INV-9393,2,408,2025-01-12,338,KG,244.91,USD,82779.58
391,INV-9246,6,1671,2025-11-26,96,LTR,95.73,USD,9190.08
392,INV-4642,2,1266,2024-12-06,206,KG,94.42,GBP,19450.52
393,INV-8683,9,757,2025-01-20,147,KG,41.61,USD,6116.67
394,INV-9211,5,780,2025-06-04,17,LTR,150.23,EUR,2553.91
395,INV-2775,10,671,2024-08-27,416,LTR,378.34,EUR,157389.44
396,INV-2113,4,1197,2024-04-06,387,EA,445.09,EUR,172249.83
397,INV-5637,4,96,2025-04-21,226,KG,373.04,USD,84307.04
398,INV-5225,5,1742,2024-09-15,257,LTR,213.99,USD,54995.43
399,INV-5231,5,656,2024-12-04,158,KG,489.31,EUR,77310.98
400,INV-6445,3,1359,2024-04-30,37,EA,362.64,EUR,13417.68
401,INV-8695,3,567,2025-01-31,358,EA,74.6,USD,26706.8
402,INV-5645,7,1235,2024-11-27,423,EA,17.29,EUR,7313.67
403,INV-5166,10,1098,2024-10-11,54,KG,66.56,EUR,3594.24
404,INV-4607,3,476,2024-09-18,3,LTR,218.07,GBP,654.21
405,INV-6602,9,1343,2024-10-31,128,LTR,364.08,GBP,46602.24
406,INV-9808,2,453,2025-12-20,187,KG,208.37,GBP,38965.19
407,INV-5203,1,946,2025-09-04,489,KG,196.45,USD,96064.05
408,INV-4734,7,383,2024-04-20,441,EA,374.66,USD,165225.06
409,INV-3421,8,1193,2025-10-01,110,KG,191.74,EUR,21091.4
410,INV-7899,3,571,2025-04-02,57,EA,276.39,USD,15754.23
411,INV-1550,7,1517,2025-08-07,425,EA,192.43,GBP,81782.75
412,INV-8310,3,1221,2024-06-21,9,KG,97.64,USD,878.76
413,INV-7208,4,1942,2024-03-11,165,KG,359.24,USD,59274.6
414,INV-3663,1,763,2025-10-30,182,LTR,403.69,EUR,73471.58
415,INV-6507,5,1644,2024-05-01,499,KG,133.51,USD,66621.49
416,INV-4071,8,1912,2024-10-25,443,EA,260.46,GBP,115383.78
417,INV-6852,1,70,2024-01-30,41,EA,272.34,GBP,11165.94
418,INV-9396,5,1454,2024-03-09,227,KG,205.73,EUR,46700.71
419,INV-8075,10,166,2025-10-11,328,LTR,373.97,USD,122662.16
420,INV-4657,2,330,2024-08-07,76,LTR,370.18,USD,28133.68
421,INV-6010,5,801,2024-02-15,148,LTR,200.54,EUR,29679.92
422,INV-4721,3,1212,2024-03-31,61,KG,399.3,USD,24357.3
423,INV-4419,7,1735,2025-09-18,297,EA,275.11,USD,81707.67
424,INV-7811,10,720,2025-05-27,202,EA,376.19,GBP,75990.38
425,INV-4505,2,1542,2025-11-11,4,LTR,52.96,EUR,211.84
426,INV-6113,4,942,2025-10-07,323,LTR,171.35,GBP,55346.05
427,INV-6154,6,738,2025-03-23,121,EA,430.2,GBP,52054.2
428,INV-9265,5,1548,2025-03-24,35,LTR,279.77,GBP,9791.95
429,INV-9226,7,1497,2024-08-10,86,LTR,367.62,EUR,31615.32
430,INV-1986,2,499,2024-10-15,354,KG,132.57,GBP,46929.78
431,INV-7353,6,1716,2025-11-14,102,LTR,24.24,GBP,2472.48
432,INV-2773,3,292,2024-05-11,81,EA,443.41,GBP,35916.21
433,INV-6014,10,1491,2024-02-09,358,LTR,76.52,GBP,27394.16
434,INV-6755,6,1851,2024-01-10,71,KG,28.47,USD,2021.37
435,INV-6272,3,162,2025-12-13,374,KG,291.02,GBP,108841.48
436,INV-7984,6,1396,2024-03-24,287,KG,137.08,EUR,39341.96
437,INV-5070,7,296,2024-08-28,204,KG,492.84,EUR,100539.36
438,INV-4216,4,1691,2024-03-13,390,KG,324.56,GBP,126578.4
439,INV-9017,9,1007,2024-08-11,497,LTR,257.51,USD,127982.47
440,INV-2033,4,1375,2025-01-10,137,LTR,351.22,GBP,48117.14
441,INV-4758,7,64,2024-02-08,425,EA,122.78,GBP,52181.5
442,INV-9292,2,1346,2024-04-24,315,LTR,443.6,USD,139734.0
443,INV-3912,6,1831,2025-12-05,64,KG,278.79,USD,17842.56
444,INV-1165,5,926,2024-12-25,418,KG,320.37,USD,133914.66
445,INV-3714,8,1959,2024-12-19,96,KG,31.39,GBP,3013.44
446,INV-1278,8,24,2025-07-20,208,LTR,461.23,GBP,95935.84
447,INV-8284,2,301,2025-03-29,173,EA,366.88,GBP,63470.24
448,INV-2241,9,1539,2025-07-13,400,LTR,179.1,EUR,71640.0
449,INV-3576,7,1666,2025-05-05,279,EA,97.8,USD,27286.2
450,INV-6513,2,1708,2025-09-18,422,LTR,70.12,EUR,29590.64
451,INV-5336,10,164,2025-12-13,278,EA,234.23,USD,65115.94
452,INV-7374,9,137,2024-02-04,244,EA,25.32,GBP,6178.08
453,INV-4521,1,1507,2025-04-13,130,LTR,460.1,EUR,59813.0
454,INV-8478,9,611,2025-07-29,285,KG,101.65,GBP,28970.25
455,INV-4852,1,1750,2024-11-23,344,KG,232.64,EUR,80028.16
456,INV-7643,7,237,2025-07-30,69,LTR,64.47,EUR,4448.43
457,INV-7928,10,272,2024-10-17,2,KG,312.37,GBP,624.74
458,INV-1160,2,339,2024-08-19,159,EA,363.98,EUR,57872.82
459,INV-4959,6,1554,2024-12-24,52,LTR,75.51,USD,3926.52
460,INV-2765,6,820,2025-04-11,286,KG,429.79,EUR,122919.94
461,INV-4116,2,1638,2025-10-23,354,KG,87.54,GBP,30989.16
462,INV-1522,6,282,2025-12-31,405,KG,239.92,USD,97167.6
463,INV-9525,8,260,2025-06-20,10,LTR,66.1,USD,661.0
464,INV-1694,1,1403,2025-03-12,207,KG,197.78,EUR,40940.46
465,INV-5804,4,1240,2025-02-03,483,KG,231.43,GBP,111780.69
466,INV-2837,6,891,2024-11-15,308,LTR,437.2,GBP,134657.6
467,INV-5558,1,268,2024-01-30,297,KG,308.86,EUR,91731.42
468,INV-4626,10,1869,2025-08-07,292,EA,412.28,EUR,120385.76
469,INV-4290,5,872,2025-03-11,98,LTR,177.91,EUR,17435.18
470,INV-3236,1,965,2025-01-22,108,LTR,26.17,EUR,2826.36
471,INV-6288,3,1069,2025-01-09,138,KG,25.92,EUR,3576.96
472,INV-5824,5,827,2024-01-06,312,LTR,303.93,EUR,94826.16
473,INV-5586,10,1761,2025-11-05,257,LTR,472.98,GBP,121555.86
474,INV-7603,3,249,2024-01-06,247,LTR,329.43,EUR,81369.21
475,INV-6683,3,1699,2024-03-28,32,EA,363.24,EUR,11623.68
476,INV-4590,10,1777,2025-04-16,168,KG,398.97,USD,67026.96
477,INV-2309,10,911,2024-07-30,172,EA,409.71,GBP,70470.12
478,INV-3162,4,319,2024-01-12,219,KG,81.21,GBP,17784.99
479,INV-6159,1,106,2025-11-01,313,KG,286.55,USD,89690.15
480,INV-2730,5,903,2025-05-20,205,EA,405.01,EUR,83027.05
481,INV-5398,6,1630,2024-10-08,136,EA,434.0,USD,59024.0
482,INV-5370,3,676,2024-04-26,284,KG,119.33,EUR,33889.72
483,INV-4525,4,580,2024-10-16,485,EA,425.11,USD,206178.35
484,INV-5321,7,1650,2024-06-12,416,LTR,404.15,GBP,168126.4
485,INV-7107,4,921,2024-08-21,6,LTR,118.33,EUR,709.98
486,INV-8180,6,1645,2025-12-02,203,KG,359.69,USD,73017.07
487,INV-7639,6,263,2025-01-10,19,LTR,180.73,USD,3433.87
488,INV-8097,6,1399,2025-03-24,294,KG,323.09,EUR,94988.46
489,INV-1306,5,1816,2025-09-01,198,KG,388.18,USD,76859.64
490,INV-7108,2,183,2024-07-17,383,EA,179.26,GBP,68656.58
491,INV-6996,8,261,2024-11-22,308,EA,345.08,USD,106284.64
492,INV-3512,4,466,2024-08-17,461,KG,353.02,GBP,162742.22
493,INV-1317,6,1141,2024-06-23,435,KG,461.03,GBP,200548.05
494,INV-2986,6,1480,2025-03-12,203,EA,453.09,USD,91977.27
495,INV-6989,5,1044,2025-11-12,181,EA,339.63,EUR,61473.03
496,INV-8254,7,49,2025-05-26,478,LTR,124.11,GBP,59324.58
497,INV-1896,2,537,2024-03-16,375,EA,384.83,USD,144311.25
498,INV-2307,4,582,2025-09-09,143,EA,59.68,EUR,8534.24
499,INV-9347,5,1730,2024-04-30,91,KG,325.65,GBP,29634.15
500,INV-1059,1,141,2024-02-18,111,EA,470.78,GBP,52256.58
501,INV-8370,4,206,2024-05-03,51,KG,252.51,USD,12878.01
502,INV-5730,8,867,2025-01-04,260,KG,393.65,EUR,102349.0
503,INV-8685,8,1159,2025-02-27,153,KG,78.79,EUR,12054.87
504,INV-5853,1,1035,2024-04-02,436,LTR,350.49,USD,152813.64
505,INV-8137,6,17,2024-11-22,317,KG,182.94,USD,57991.98
506,INV-5510,9,948,2024-02-12,389,KG,14.92,USD,5803.88
507,INV-5242,10,669,2025-01-21,445,LTR,398.65,EUR,177399.25
508,INV-4979,5,21,2025-04-29,25,KG,157.3,GBP,3932.5
509,INV-7208,8,634,2024-11-25,468,LTR,265.43,GBP,124221.24
510,INV-2166,5,594,2025-07-03,448,LTR,288.83,USD,129395.84
511,INV-9198,6,777,2025-08-15,376,KG,134.74,USD,50662.24
512,INV-9251,1,749,2024-07-11,408,KG,403.75,USD,164730.0
513,INV-5028,9,1026,2025-01-24,234,KG,307.66,EUR,71992.44
514,INV-7213,7,755,2024-05-14,186,LTR,480.21,EUR,89319.06
515,INV-4500,4,94,2025-10-09,436,LTR,95.59,USD,41677.24
516,INV-6106,7,1060,2025-12-03,76,EA,422.8,USD,32132.8
517,INV-6988,8,956,2025-02-28,96,LTR,419.44,EUR,40266.24
518,INV-8135,7,382,2024-10-18,478,EA,469.08,USD,224220.24
519,INV-8920,5,150,2025-03-25,494,LTR,112.51,GBP,55579.94
520,INV-1005,5,674,2025-07-09,423,KG,74.12,GBP,31352.76
521,INV-5834,10,349,2024-12-19,250,KG,156.03,GBP,39007.5
522,INV-8441,8,1967,2024-02-24,21,EA,305.62,USD,6418.02
523,INV-7663,7,724,2024-10-22,143,LTR,7.11,GBP,1016.73
524,INV-6719,7,303,2025-07-09,263,LTR,419.41,GBP,110304.83
525,INV-1013,5,1564,2025-01-27,478,KG,191.9,GBP,91728.2
526,INV-3543,6,1446,2025-04-18,391,LTR,100.97,EUR,39479.27
527,INV-2038,9,1771,2025-03-17,263,LTR,484.54,EUR,127434.02
528,INV-3889,3,1938,2025-03-31,83,EA,448.68,USD,37240.44
529,INV-3903,7,1318,2025-11-28,154,KG,147.4,USD,22699.6
530,INV-1190,2,169,2025-05-23,398,EA,378.12,EUR,150491.76
531,INV-7587,8,1487,2024-05-11,153,LTR,98.37,EUR,15050.61
532,INV-4335,2,1080,2025-06-05,93,KG,290.35,USD,27002.55
533,INV-6135,7,1516,2025-01-30,484,KG,114.87,GBP,55597.08
534,INV-8390,1,131,2024-08-02,163,EA,39.11,EUR,6374.93
535,INV-4105,6,447,2024-04-29,47,LTR,403.41,EUR,18960.27
536,INV-5552,6,1165,2025-06-14,116,KG,353.53,EUR,41009.48
537,INV-7402,4,520,2024-09-01,252,EA,10.6,GBP,2671.2
538,INV-1215,8,955,2024-04-09,172,LTR,40.32,EUR,6935.04
539,INV-4459,3,194,2025-07-20,264,KG,140.53,GBP,37099.92
540,INV-2334,10,910,2025-12-19,229,KG,61.84,GBP,14161.36
541,INV-6854,2,424,2025-12-22,344,EA,183.46,USD,63110.24
542,INV-8705,4,1083,2024-05-27,286,KG,473.38,GBP,135386.68
543,INV-4386,2,188,2024-07-06,239,LTR,298.08,EUR,71241.12
544,INV-5584,7,1363,2025-05-22,408,LTR,470.17,EUR,191829.36
545,INV-9983,1,1038,2025-02-15,301,EA,46.96,USD,14134.96
546,INV-6769,6,1142,2024-08-24,23,KG,83.98,GBP,1931.54
547,INV-8825,6,198,2024-08-17,472,LTR,306.52,EUR,144677.44
548,INV-1419,9,298,2024-01-25,285,KG,262.43,GBP,74792.55
549,INV-6768,6,1760,2025-03-29,80,LTR,312.62,USD,25009.6
550,INV-7214,2,565,2024-07-28,82,LTR,308.05,EUR,25260.1
551,INV-1458,1,1577,2024-08-27,216,LTR,158.14,EUR,34158.24
552,INV-6916,4,1917,2025-07-06,376,KG,159.32,GBP,59904.32
553,INV-9045,8,957,2024-05-03,322,LTR,320.31,EUR,103139.82
554,INV-6479,6,559,2024-11-09,376,LTR,332.48,GBP,125012.48
555,INV-7492,9,704,2025-09-13,426,KG,304.51,GBP,129721.26
556,INV-9532,5,495,2025-04-12,14,KG,52.95,EUR,741.3
557,INV-2291,5,1814,2025-05-30,357,EA,361.14,USD,128926.98
558,INV-1834,4,1534,2025-08-03,233,KG,27.01,USD,6293.33
559,INV-8983,6,1820,2024-02-19,356,LTR,473.07,GBP,168412.92
560,INV-4288,3,1664,2024-10-01,58,KG,346.74,EUR,20110.92
561,INV-2462,4,320,2024-12-11,493,LTR,198.78,GBP,97998.54
562,INV-3491,4,225,2024-10-26,390,KG,97.53,USD,38036.7
563,INV-7009,4,666,2024-04-27,280,KG,119.52,GBP,33465.6
564,INV-1439,7,1588,2025-09-24,181,KG,151.57,GBP,27434.17
565,INV-3671,10,1933,2025-03-14,244,EA,485.74,EUR,118520.56
566,INV-7096,2,1900,2025-02-08,253,LTR,55.53,GBP,14049.09
567,INV-7833,4,207,2024-06-18,235,EA,485.24,USD,114031.4
568,INV-9322,3,940,2024-05-28,187,KG,320.31,GBP,59897.97
569,INV-4027,8,1652,2024-08-15,169,LTR,90.71,USD,15329.99
570,INV-2684,10,111,2025-12-15,418,LTR,306.42,USD,128083.56
571,INV-9902,6,600,2024-07-25,481,KG,112.03,USD,53886.43
572,INV-4071,7,363,2025-04-03,68,KG,342.66,USD,23300.88
573,INV-4813,3,1314,2025-11-07,341,EA,71.44,GBP,24361.04
574,INV-5679,5,824,2024-04-08,261,EA,405.21,EUR,105759.81
575,INV-2014,10,1472,2025-12-30,465,EA,93.97,EUR,43696.05
576,INV-4632,3,1685,2024-12-03,175,EA,265.15,USD,46401.25
577,INV-4483,6,620,2025-03-14,42,LTR,51.71,GBP,2171.82
578,INV-8658,9,1433,2024-09-11,241,EA,483.67,USD,116564.47
579,INV-7367,4,1024,2025-11-16,411,EA,311.58,GBP,128059.38
580,INV-4621,3,479,2025-08-10,472,EA,302.96,GBP,142997.12
581,INV-5867,2,693,2025-09-06,421,LTR,273.58,GBP,115177.18
582,INV-2623,7,1175,2025-06-19,144,KG,205.5,GBP,29592.0
583,INV-5035,1,1037,2025-03-28,343,LTR,381.42,USD,130827.06
584,INV-3002,4,907,2024-09-18,290,KG,378.02,GBP,109625.8
585,INV-9591,9,1029,2024-11-03,281,EA,69.29,GBP,19470.49
586,INV-1303,8,868,2025-01-20,341,EA,49.4,EUR,16845.4
587,INV-7135,6,1789,2024-07-28,234,LTR,194.01,EUR,45398.34
588,INV-4824,6,373,2024-03-08,472,LTR,482.55,EUR,227763.6
589,INV-6086,1,1131,2024-03-27,428,EA,218.09,USD,93342.52
590,INV-2097,2,1407,2025-01-31,18,KG,305.06,EUR,5491.08
591,INV-8915,4,678,2025-05-05,339,KG,293.51,USD,99499.89
592,INV-4280,2,1406,2024-03-25,462,EA,474.33,EUR,219140.46
593,INV-7308,4,1755,2025-01-19,353,KG,312.21,USD,110210.13
594,INV-5157,5,608,2025-10-11,421,LTR,238.3,GBP,100324.3
595,INV-2799,9,331,2025-02-13,149,LTR,417.71,GBP,62238.79
596,INV-1616,2,1640,2024-07-01,54,KG,257.41,XXX,13900.14
597,INV-4706,8,357,2024-10-23,8,KG,483.45,USD,3867.6
598,INV-4454,3,1313,2025-12-24,269,EA,418.13,GBP,112476.97
599,INV-8040,10,193,2024-02-28,278,EA,480.53,EUR,133587.34
600,INV-9909,6,991,2024-03-17,150,LTR,45.16,USD,6774.0
601,INV-8353,1,526,2024-08-03,370,LTR,154.16,USD,57039.2
602,INV-9767,10,1738,2025-02-19,310,EA,321.58,EUR,99689.8
603,INV-6019,10,750,2025-01-07,455,LTR,9.74,GBP,4431.7
604,INV-4155,6,1551,2024-03-31,484,EA,132.37,USD,64067.08
605,INV-5123,3,190,2025-10-19,275,KG,24.46,EUR,6726.5
606,INV-4282,2,410,2025-04-18,13,KG,363.64,USD,4727.32
607,INV-2756,1,1243,2025-07-11,390,EA,285.05,EUR,111169.5
608,INV-7990,10,348,2025-07-27,284,EA,112.2,GBP,31864.8
609,INV-3403,10,980,2024-03-23,466,LTR,466.72,EUR,217491.52
610,INV-2730,10,837,2025-05-18,26,EA,55.18,USD,1434.68
611,INV-9548,8,1104,2025-04-24,202,KG,373.83,GBP,75513.66
612,INV-8250,1,240,2024-01-30,60,LTR,491.9,USD,29514.0
613,INV-9061,8,1923,2024-12-29,48,EA,211.36,USD,10145.28
614,INV-2489,5,1272,2024-01-12,449,EA,98.18,GBP,44082.82
615,INV-8995,7,178,2024-12-02,442,EA,142.97,GBP,63192.74
616,INV-4052,2,498,2025-01-07,348,LTR,359.41,GBP,125074.68
617,INV-2496,2,1908,2024-10-27,343,LTR,255.38,USD,87595.34
618,INV-6981,5,1927,2025-02-26,19,EA,393.95,EUR,7485.05
619,INV-9119,3,469,2024-12-15,452,LTR,447.96,GBP,202477.92
620,INV-5761,10,11,2025-05-12,374,LTR,234.25,GBP,87609.5
621,INV-1429,2,1619,2024-08-18,39,KG,419.74,GBP,16369.86
622,INV-3584,9,1770,2024-01-02,291,EA,393.11,EUR,114395.01
623,INV-1939,5,688,2024-04-05,336,KG,131.3,EUR,44116.8
624,INV-7867,1,129,2024-11-11,9,LTR,359.87,EUR,3238.83
625,INV-9168,6,771,2024-08-16,300,KG,478.97,USD,143691.0
626,INV-5724,3,1784,2024-12-18,80,LTR,89.57,EUR,7165.6
627,INV-2456,1,142,2025-04-15,160,LTR,416.94,GBP,66710.4
628,INV-1030,8,473,2025-01-11,427,LTR,409.53,USD,174869.31
629,INV-7989,6,1450,2024-12-26,465,EA,283.41,GBP,131785.65
630,INV-2410,6,1715,2025-03-08,99,KG,325.68,GBP,32242.32
631,INV-3579,2,1728,2025-07-24,403,EA,200.73,USD,80894.19
632,INV-6551,10,556,2024-06-27,380,EA,50.35,USD,19133.0
633,INV-4409,7,376,2025-10-31,20,EA,461.86,USD,9237.2
634,INV-7822,4,485,2025-04-28,436,KG,93.51,EUR,40770.36
635,INV-4390,9,1188,2024-02-06,59,KG,107.06,GBP,6316.54
636,INV-1696,9,517,2025-11-26,54,EA,176.2,USD,9514.8
637,INV-9816,8,1151,2025-09-29,32,EA,481.84,GBP,15418.88
638,INV-2536,1,805,2024-06-03,375,KG,101.24,GBP,37965.0
639,INV-5830,8,1158,2024-07-07,12,LTR,123.02,EUR,1476.24
640,INV-9960,3,1310,2025-09-20,299,EA,419.21,USD,125343.79
641,INV-2952,3,1223,2024-12-24,440,LTR,497.02,USD,218688.8
642,INV-7900,7,630,2025-06-15,312,LTR,417.79,GBP,130350.48
643,INV-2842,5,463,2025-07-10,321,KG,67.01,GBP,21510.21
644,INV-8786,2,633,2024-05-02,119,EA,414.78,GBP,49358.82
645,INV-3350,3,1972,2024-07-05,165,KG,54.81,GBP,9043.65
646,INV-8716,8,1965,2025-09-25,428,EA,250.5,USD,107214.0
647,INV-3225,10,1203,2025-08-11,108,KG,56.1,GBP,6058.8
648,INV-6488,3,1826,2025-04-28,335,EA,38.24,EUR,12810.4
649,INV-1631,9,1148,2025-07-07,42,KG,79.14,GBP,3323.88
650,INV-2336,7,959,2024-05-05,458,KG,23.98,EUR,10982.84
651,INV-6716,3,569,2024-09-18,236,EA,240.92,USD,56857.12
652,INV-2722,4,257,2025-03-01,448,LTR,424.56,USD,190202.88
653,INV-5397,6,953,2024-02-03,166,LTR,289.81,USD,48108.46
654,INV-5329,2,1520,2025-08-28,70,KG,91.87,EUR,6430.9
655,INV-1827,9,1001,2024-09-08,436,EA,229.61,GBP,100109.96
656,INV-8705,5,1642,2024-06-23,165,KG,103.24,USD,17034.6
657,INV-3462,2,377,2025-11-15,231,KG,97.1,EUR,22430.1
658,INV-9689,1,1834,2025-05-09,300,LTR,189.0,GBP,56700.0
659,INV-9644,10,291,2025-04-27,14,EA,277.94,USD,3891.16
660,INV-3920,4,679,2024-03-06,207,LTR,139.14,USD,28801.98
661,INV-9576,8,148,2024-05-30,281,EA,348.48,EUR,97922.88
662,INV-1941,6,1133,2025-08-18,90,EA,282.15,USD,25393.5
663,INV-1878,3,1362,2024-12-16,204,EA,32.9,GBP,6711.6
664,INV-5156,10,1317,2025-01-08,388,EA,154.94,EUR,60116.72
665,INV-8583,6,506,2025-08-15,278,KG,59.02,GBP,16407.56
666,INV-2633,5,943,2024-03-17,289,EA,28.77,USD,8314.53
667,INV-2745,8,1373,2024-03-30,359,KG,311.77,EUR,111925.43
668,INV-1013,4,592,2025-11-04,150,LTR,189.91,USD,28486.5
669,INV-7362,1,1886,2025-05-18,291,KG,27.27,USD,7935.57
670,INV-9733,4,1107,2025-07-30,234,KG,58.97,GBP,13798.98
671,INV-2563,10,1200,2024-07-26,1,EA,54.3,USD,54.3
672,INV-5494,6,1419,2024-06-30,468,KG,297.16,EUR,139070.88
673,INV-6000,1,1481,2024-08-18,135,LTR,54.26,USD,7325.1
674,INV-8690,3,223,2024-01-22,168,LTR,305.52,USD,51327.36
675,INV-2181,7,135,2024-07-19,280,EA,431.66,GBP,120864.8
676,INV-2616,3,619,2025-04-12,90,EA,339.16,EUR,30524.4
677,INV-4983,7,192,2024-08-12,28,EA,348.07,GBP,9745.96
678,INV-8310,9,160,2024-11-25,383,LTR,227.33,GBP,87067.39
679,INV-6080,8,1510,2024-04-19,351,LTR,297.85,GBP,104545.35
680,INV-6151,7,799,2025-03-22,382,KG,83.13,USD,31755.66
681,INV-2081,1,1232,2025-09-09,90,EA,160.98,USD,14488.2
682,INV-3318,5,673,2025-07-06,382,EA,150.14,EUR,57353.48
683,INV-8412,6,1556,2024-10-31,225,KG,437.76,USD,98496.0
684,INV-7672,1,1429,2024-01-29,363,LTR,156.7,GBP,56882.1
685,INV-6317,6,1447,2025-12-07,382,KG,166.61,EUR,63645.02
686,INV-9867,5,874,2024-11-14,89,LTR,487.05,EUR,43347.45
687,INV-1039,2,425,2024-12-06,148,LTR,316.24,USD,46803.52
688,INV-1575,1,1408,2024-08-28,428,KG,241.85,USD,103511.8
689,INV-4388,5,1166,2025-09-25,409,KG,96.12,USD,39313.08
690,INV-9936,3,1457,2025-06-03,403,EA,262.61,EUR,105831.83
691,INV-6012,3,618,2024-09-16,118,KG,182.38,EUR,21520.84
692,INV-9976,9,1002,2025-04-19,324,KG,348.79,GBP,113007.96
693,INV-6333,10,1747,2024-11-01,252,LTR,165.84,USD,41791.68
694,INV-1433,2,486,2024-08-30,130,EA,490.41,GBP,63753.3
695,INV-5464,9,369,2024-09-17,288,LTR,260.41,GBP,74998.08
696,INV-8554,8,882,2025-12-14,142,EA,481.77,GBP,68411.34
697,INV-3259,1,804,2024-04-11,287,LTR,24.03,GBP,6896.61
698,INV-1327,6,1566,2024-01-31,6,LTR,32.6,EUR,195.6
699,INV-5736,1,1430,2024-07-16,369,EA,411.01,GBP,151662.69
700,INV-2348,1,1303,2025-03-23,158,KG,381.31,USD,60246.98
701,INV-6841,6,1526,2024-03-28,46,KG,340.98,USD,15685.08
702,INV-8573,7,871,2025-08-20,254,EA,53.67,USD,13632.18
703,INV-5722,1,713,2025-10-11,477,LTR,288.16,USD,137452.32
704,INV-4958,9,1079,2025-10-04,99,KG,28.3,USD,2801.7
705,INV-5589,7,1737,2024-07-05,158,EA,319.78,USD,50525.24
706,INV-4623,4,762,2024-07-17,133,LTR,498.9,GBP,66353.7
707,INV-6853,1,1305,2024-04-06,211,LTR,199.84,USD,42166.24
708,INV-8202,7,561,2025-10-16,431,KG,316.06,USD,136221.86
709,INV-5994,10,552,2024-09-10,248,KG,266.03,EUR,65975.44
710,INV-4445,8,1944,2025-07-07,269,EA,354.21,GBP,95282.49
711,INV-1218,10,896,2025-07-27,198,EA,334.6,GBP,66250.8
712,INV-1546,5,1147,2025-05-04,182,EA,405.79,EUR,73853.78
713,INV-5597,10,1129,2025-01-28,192,KG,248.2,GBP,47654.4
714,INV-4436,10,13,2025-04-06,438,EA,109.2,EUR,47829.6
715,INV-7661,7,1085,2024-12-29,384,LTR,411.41,GBP,157981.44
716,INV-8826,4,127,2025-02-18,197,KG,224.77,USD,44279.69
717,INV-3120,5,1827,2025-01-11,137,KG,327.23,GBP,44830.51
718,INV-5591,2,432,2024-02-02,221,LTR,462.89,USD,102298.69
719,INV-5637,8,1192,2025-09-25,249,KG,336.85,EUR,83875.65
720,INV-1080,4,667,2025-06-16,429,LTR,96.85,GBP,41548.65
721,INV-5784,8,923,2025-04-05,339,EA,388.03,EUR,131542.17
722,INV-3651,6,1132,2024-09-26,103,KG,320.84,USD,33046.52
723,INV-6514,9,1054,2024-09-16,11,KG,116.09,USD,1276.99
724,INV-3201,1,764,2024-01-24,102,EA,277.6,EUR,28315.2
725,INV-4290,2,832,2025-09-02,394,LTR,83.16,USD,32765.04
726,INV-6094,3,1360,2024-10-01,447,EA,265.72,GBP,118776.84
727,INV-6702,8,1822,2025-04-23,452,KG,62.46,USD,28231.92
728,INV-6020,2,308,2025-04-30,303,LTR,148.51,USD,44998.53
729,INV-3144,10,708,2025-05-13,159,LTR,59.25,GBP,9420.75
730,INV-4689,1,1052,2025-12-19,460,LTR,137.47,GBP,63236.2
731,INV-3219,5,1609,2024-02-27,307,KG,386.58,EUR,118680.06
732,INV-7774,7,1787,2025-08-06,464,LTR,241.66,USD,112130.24
733,INV-7444,2,1598,2024-12-22,484,EA,324.06,GBP,156845.04
734,INV-3115,10,829,2024-04-28,306,EA,151.66,GBP,46407.96
735,INV-7660,9,1435,2025-10-22,348,KG,431.79,GBP,150262.92
736,INV-9471,4,404,2024-04-08,30,KG,464.73,EUR,13941.9
737,INV-5830,4,247,2025-05-29,248,KG,242.43,GBP,60122.64
738,INV-3111,1,6,2025-07-24,345,EA,6.51,GBP,2245.95
739,INV-7821,5,266,2024-04-02,96,KG,167.83,GBP,16111.68
740,INV-6091,4,1015,2025-04-21,467,KG,366.86,GBP,171323.62
741,INV-7205,3,859,2025-07-28,155,KG,416.19,EUR,64509.45
742,INV-5612,3,1312,2024-07-09,372,KG,356.3,USD,132543.6
743,INV-4582,6,583,2025-09-02,477,EA,327.15,EUR,156050.55
744,INV-5135,10,931,2025-10-09,73,KG,418.66,EUR,30562.18
745,INV-7920,9,1417,2025-05-26,143,LTR,300.55,USD,42978.65
746,INV-9631,3,470,2024-05-05,437,LTR,483.18,GBP,211149.66
747,INV-4002,5,826,2024-02-12,388,EA,86.16,EUR,33430.08
748,INV-9857,6,622,2024-11-02,255,LTR,199.65,GBP,50910.75
749,INV-2292,9,1952,2024-09-04,287,KG,174.0,EUR,49938.0
750,INV-9029,3,605,2025-08-06,239,EA,370.98,USD,88664.22
751,INV-8636,6,1451,2025-04-10,105,LTR,281.8,GBP,29589.0
752,INV-8811,5,1659,2025-10-05,275,EA,435.83,USD,119853.25
753,INV-9386,9,1342,2024-01-18,47,LTR,345.78,GBP,16251.66
754,INV-2833,10,774,2025-03-05,495,KG,110.43,EUR,54662.85
755,INV-3453,2,494,2025-07-27,339,KG,67.48,EUR,22875.72
756,INV-1710,7,1572,2025-03-03,372,LTR,69.87,USD,25991.64
757,INV-3855,7,322,2025-02-16,73,EA,411.99,USD,30075.27
758,INV-9449,5,1819,2024-01-18,452,LTR,212.59,USD,96090.68
759,INV-7798,2,189,2024-01-09,244,EA,34.95,EUR,8527.8
760,INV-3672,9,1323,2024-04-05,406,KG,131.1,EUR,53226.6
761,INV-5418,4,1718,2024-11-25,357,EA,266.76,GBP,95233.32
762,INV-5303,5,23,2024-12-09,250,LTR,252.76,GBP,63190.0
763,INV-8817,1,632,2025-04-25,217,EA,360.21,USD,78165.57
764,INV-4160,7,1364,2025-01-04,89,LTR,406.44,EUR,36173.16
765,INV-2992,3,1241,2024-09-02,264,EA,388.96,USD,102685.44
766,INV-8922,6,8,2024-12-10,445,EA,417.25,GBP,185676.25
767,INV-1925,6,843,2024-02-10,342,LTR,387.67,EUR,132583.14
768,INV-8993,7,1479,2025-07-09,400,EA,179.66,EUR,71864.0
769,INV-3405,7,255,2025-02-25,457,LTR,385.52,EUR,176182.64
770,INV-7634,8,57,2025-05-23,21,KG,367.75,USD,7722.75
771,INV-7387,6,1094,2025-03-05,180,EA,34.23,USD,6161.4
772,INV-1487,8,337,2024-11-01,253,KG,76.89,USD,19453.17
773,INV-7157,7,1741,2024-08-20,162,EA,360.75,EUR,58441.5
774,INV-8506,7,562,2025-04-24,149,KG,172.06,USD,25636.94
775,INV-7193,9,1214,2025-09-20,156,EA,157.5,EUR,24570.0
776,INV-9094,8,39,2025-09-09,236,EA,400.29,USD,94468.44
777,INV-6345,7,119,2024-07-07,20,EA,418.28,EUR,8365.6
778,INV-3442,10,347,2025-06-01,51,LTR,227.96,GBP,11625.96
779,INV-8663,6,1875,2024-08-04,350,KG,125.25,GBP,43837.5
780,INV-7217,7,1833,2024-12-27,420,EA,190.45,EUR,79989.0
781,INV-7002,1,34,2024-11-04,157,EA,251.88,GBP,39545.16
782,INV-2840,1,1135,2024-10-30,404,KG,472.62,USD,190938.48
783,INV-2376,1,1805,2025-11-06,372,KG,47.61,USD,17710.92
784,INV-5420,3,1733,2024-06-15,30,EA,129.81,GBP,3894.3
785,INV-3687,2,1618,2024-08-16,126,LTR,148.94,GBP,18766.44
786,INV-6654,9,1208,2024-10-21,181,KG,169.88,EUR,30748.28
787,INV-4144,7,364,2025-10-14,33,LTR,139.31,USD,4597.23
788,INV-7161,1,1801,2025-10-20,116,EA,488.54,GBP,56670.64
789,INV-1532,4,1679,2025-07-15,93,KG,223.48,USD,20783.64
790,INV-7248,5,1835,2025-10-27,212,EA,471.46,EUR,99949.52
791,INV-4122,4,95,2025-04-21,110,EA,47.13,USD,5184.3
792,INV-5419,6,440,2025-01-23,53,KG,217.04,EUR,11503.12
793,INV-2639,2,81,2025-10-30,441,KG,206.75,EUR,91176.75
794,INV-3943,6,436,2024-10-21,473,KG,325.88,GBP,154141.24
795,INV-7063,3,1980,2025-06-10,318,EA,481.01,EUR,152961.18
796,INV-3900,9,682,2025-04-19,235,LTR,462.2,GBP,108617.0
797,INV-3975,5,1906,2024-10-22,16,KG,218.34,EUR,3493.44
798,INV-7386,7,631,2025-01-20,450,LTR,210.55,GBP,94747.5
799,INV-5755,4,480,2024-11-02,75,EA,425.62,EUR,31921.5
800,INV-1362,6,46,2025-09-10,459,EA,405.07,EUR,185927.13
801,INV-1877,7,994,2024-11-06,263,EA,393.57,EUR,103508.91
802,INV-1977,3,628,2024-11-03,382,EA,357.55,EUR,136584.1
803,INV-6225,3,1340,2024-04-20,434,EA,44.84,EUR,19460.56
804,INV-8013,8,309,2025-07-15,120,KG,369.92,GBP,44390.4
805,INV-2585,9,1341,2025-10-30,401,LTR,112.91,EUR,45276.91
806,INV-2969,8,1653,2025-10-11,92,EA,405.7,USD,37324.4
807,INV-5903,7,254,2024-11-23,25,EA,490.42,EUR,12260.5
808,INV-8709,9,1765,2025-01-17,192,KG,213.57,EUR,41005.44
809,INV-3428,3,675,2025-05-08,269,KG,279.69,EUR,75236.61
810,INV-8305,7,45,2025-10-14,372,EA,267.47,GBP,99498.84
811,INV-8866,4,285,2025-11-11,422,KG,130.51,EUR,55075.22
812,INV-5769,7,80,2025-12-11,97,KG,417.26,GBP,40474.22
813,INV-9234,10,1920,2025-03-01,441,EA,402.66,GBP,177573.06
814,INV-4874,6,1018,2025-07-30,41,EA,107.95,GBP,4425.95
815,INV-7756,4,443,2024-01-08,212,LTR,89.13,USD,18895.56
816,INV-8451,7,180,2024-07-19,128,EA,240.88,GBP,30832.64
817,INV-8607,5,427,2025-09-13,21,KG,223.65,GBP,4696.65
818,INV-5281,4,318,2025-08-06,17,KG,5.65,GBP,96.05
819,INV-7485,6,1486,2025-12-20,6,KG,366.71,USD,2200.26
820,INV-9931,5,1281,2024-08-11,338,EA,472.08,USD,159563.04
821,INV-4495,7,1802,2025-09-23,305,KG,419.13,GBP,127834.65
822,INV-4194,8,1488,2025-01-03,305,EA,211.7,EUR,64568.5
823,INV-2088,9,1848,2024-05-16,153,LTR,126.41,USD,19340.73
824,INV-5204,6,962,2024-02-20,275,LTR,68.4,GBP,18810.0
825,INV-6411,10,1422,2025-12-29,444,LTR,217.74,EUR,96676.56
826,INV-2994,7,1390,2024-02-15,210,EA,274.42,GBP,57628.2
827,INV-5046,6,1948,2024-11-15,95,EA,291.92,GBP,27732.4
828,INV-8322,8,1932,2025-03-02,45,EA,355.1,EUR,15979.5
829,INV-5205,7,1368,2024-09-01,179,EA,95.57,USD,17107.03
830,INV-7714,8,25,2024-02-17,113,LTR,290.39,GBP,32814.07
831,INV-3074,5,1954,2024-04-16,401,EA,179.49,GBP,71975.49
832,INV-8988,6,1796,2025-02-21,388,KG,334.56,GBP,129809.28
833,INV-1180,10,997,2025-10-21,32,LTR,108.51,EUR,3472.32
834,INV-2465,1,1048,2024-11-16,235,KG,312.22,USD,73371.7
835,INV-8048,8,563,2025-01-21,9,LTR,143.55,EUR,1291.95
836,INV-6144,4,397,2024-07-29,444,EA,176.32,GBP,78286.08
837,INV-1251,9,683,2025-02-02,409,LTR,369.51,GBP,151129.59
838,INV-8403,6,507,2024-03-07,62,KG,78.85,GBP,4888.7
839,INV-8522,4,716,2024-07-21,232,KG,120.55,USD,27967.6
840,INV-8725,9,1027,2024-03-08,236,EA,127.07,EUR,29988.52
841,INV-1250,1,711,2025-02-26,39,EA,87.01,USD,3393.39
842,INV-9620,10,555,2025-01-31,172,EA,396.57,USD,68210.04
843,INV-2814,3,1665,2024-11-26,234,LTR,235.41,GBP,55085.94
844,INV-6114,2,692,2024-11-03,174,EA,403.49,GBP,70207.26
845,INV-8892,3,1311,2024-04-06,231,KG,476.19,USD,109999.89
846,INV-6867,3,250,2024-12-04,260,KG,195.48,EUR,50824.8
847,INV-5472,6,1484,2024-08-22,68,EA,37.74,USD,2566.32
848,INV-3014,10,1682,2025-01-26,161,LTR,472.9,USD,76136.9
849,INV-8971,7,324,2025-01-10,266,LTR,95.0,USD,25270.0
850,INV-3944,7,1524,2024-09-10,59,LTR,169.97,EUR,10028.23
851,INV-4213,10,1157,2024-10-31,481,KG,457.65,EUR,220129.65
852,INV-8995,7,590,2025-09-11,112,EA,156.56,GBP,17534.72
853,INV-5306,8,1914,2025-11-19,342,EA,474.59,GBP,162309.78
854,INV-6499,2,1503,2025-06-20,189,LTR,127.2,USD,24040.8
855,INV-5989,2,380,2025-06-02,124,LTR,332.65,EUR,41248.6
856,INV-7125,1,1940,2024-08-01,39,KG,396.94,GBP,15480.66
857,INV-6042,5,100,2025-03-18,122,EA,26.19,USD,3195.18
858,INV-6409,5,461,2025-03-16,145,KG,201.5,GBP,29217.5
859,INV-6335,5,972,2025-11-16,241,EA,409.91,USD,98788.31
860,INV-2307,3,418,2024-04-20,224,LTR,323.62,GBP,72490.88
861,INV-4574,5,1271,2024-06-21,100,LTR,100.67,GBP,10067.0
862,INV-3265,5,1255,2024-06-05,19,KG,107.55,EUR,2043.45
863,INV-7953,5,974,2025-10-18,115,KG,310.51,GBP,35708.65
864,INV-1530,1,314,2025-06-24,336,EA,91.05,GBP,30592.8
865,INV-9836,2,1909,2025-06-25,209,LTR,448.06,USD,93644.54
866,INV-9107,6,1459,2024-01-24,464,EA,415.94,GBP,192996.16
867,INV-7357,7,1100,2025-09-19,345,KG,212.55,GBP,73329.75
868,INV-8500,5,361,2024-09-15,16,EA,32.72,EUR,523.52
869,INV-7673,1,1354,2024-12-12,112,KG,214.44,EUR,24017.28
870,INV-2116,7,1478,2024-03-05,108,EA,280.86,EUR,30332.88
871,INV-8966,10,990,2024-02-03,365,KG,224.19,USD,81829.35
872,INV-6129,4,468,2024-07-24,322,KG,84.59,GBP,27237.98
873,INV-5777,8,1150,2025-08-09,332,LTR,414.62,GBP,137653.84
874,INV-2874,9,1434,2024-04-03,246,LTR,438.45,GBP,107858.7
875,INV-3810,1,1475,2024-03-01,203,LTR,182.5,GBP,37047.5
876,INV-1367,7,577,2025-08-14,380,LTR,469.59,GBP,178444.2
877,INV-3210,9,759,2024-03-09,282,EA,105.41,USD,29725.62
878,INV-2868,2,1123,2025-10-02,289,LTR,59.03,EUR,17059.67
879,INV-8367,2,513,2025-07-13,262,KG,464.93,USD,121811.66
880,INV-1030,8,3,2025-04-09,41,LTR,86.43,GBP,3543.63
881,INV-3475,7,1854,2024-09-19,304,EA,228.86,XXX,69573.44
882,INV-6766,8,685,2025-11-04,419,LTR,383.67,USD,160757.73
883,INV-4311,6,1216,2025-07-05,343,LTR,171.18,GBP,58714.74
884,INV-6253,1,614,2025-11-23,161,EA,254.99,EUR,41053.39
885,INV-8199,6,585,2025-12-20,277,EA,38.19,EUR,10578.63
886,INV-4895,8,1173,2025-02-12,216,LTR,55.49,GBP,11985.84
887,INV-9067,1,808,2025-06-05,102,KG,246.56,EUR,25149.12
888,INV-8429,9,702,2024-06-17,183,LTR,148.87,GBP,27243.21
889,INV-6467,1,1279,2025-08-13,321,LTR,366.61,GBP,117681.81
890,INV-5013,5,1461,2024-05-10,58,EA,31.05,EUR,1800.9
891,INV-9212,8,564,2024-07-08,205,LTR,119.6,EUR,24518.0
892,INV-8141,1,177,2024-07-07,494,KG,473.83,EUR,234072.02
893,INV-9229,6,655,2025-05-22,140,KG,107.91,USD,15107.4
894,INV-3209,3,1859,2024-06-21,56,KG,282.25,GBP,15806.0
895,INV-4481,3,1669,2025-05-24,498,LTR,247.42,GBP,123215.16
896,INV-4612,3,226,2025-09-20,307,LTR,478.1,EUR,146776.7
897,INV-2474,1,87,2024-07-16,496,KG,72.31,GBP,35865.76
898,INV-3339,9,852,2025-05-29,279,KG,204.49,EUR,57052.71
899,INV-9788,6,1677,2024-03-22,103,EA,381.1,EUR,39253.3
900,INV-2423,8,1683,2024-12-04,17,EA,463.52,GBP,7879.84
901,INV-7628,6,1143,2024-03-14,472,LTR,402.52,GBP,189989.44
902,INV-7428,10,1794,2025-04-28,158,LTR,29.2,GBP,4613.6
903,INV-8740,3,1474,2025-10-27,437,LTR,254.07,EUR,111028.59
904,INV-1030,4,484,2025-01-13,266,KG,341.22,EUR,90764.52
905,INV-2232,1,1410,2024-04-01,425,LTR,485.74,USD,206439.5
906,INV-6823,5,83,2024-06-18,385,EA,159.19,USD,61288.15
907,INV-9688,4,1041,2024-10-26,72,EA,271.13,EUR,19521.36
908,INV-8423,2,1379,2025-05-31,403,LTR,445.72,GBP,179625.16
909,INV-2821,5,938,2025-01-08,394,KG,229.82,EUR,90549.08
910,INV-6362,4,437,2024-08-31,43,KG,456.64,GBP,19635.52
911,INV-8972,4,444,2025-05-25,224,LTR,235.63,USD,52781.12
912,INV-8826,3,744,2025-05-11,90,KG,201.88,GBP,18169.2
913,INV-9413,3,546,2024-03-15,329,KG,159.66,EUR,52528.14
914,INV-2020,4,1301,2025-05-18,165,EA,122.6,USD,20229.0
915,INV-3162,3,879,2024-11-04,478,KG,333.76,USD,159537.28
916,INV-7777,4,1328,2025-02-15,411,KG,107.76,EUR,44289.36
917,INV-5436,10,500,2024-10-07,154,EA,72.93,USD,11231.22
918,INV-2631,5,823,2025-01-21,429,EA,219.43,EUR,94135.47
919,INV-1801,1,152,2024-07-31,256,LTR,252.45,USD,64627.2
920,INV-1251,8,1887,2025-11-13,27,KG,395.6,EUR,10681.2
921,INV-8855,9,1352,2025-04-29,265,LTR,468.13,GBP,124054.45
922,INV-2007,5,928,2025-10-13,372,LTR,444.78,USD,165458.16
923,INV-2164,2,20,2024-01-24,193,EA,261.72,USD,50511.96
924,INV-5736,7,1071,2025-11-17,279,KG,138.74,EUR,38708.46
925,INV-6695,2,1543,2024-04-19,403,LTR,365.97,EUR,147485.91
926,INV-9929,7,294,2025-03-29,49,KG,383.99,EUR,18815.51
927,INV-7143,3,1631,2024-04-08,88,EA,223.86,GBP,19699.68
928,INV-3684,4,1377,2025-11-04,194,EA,366.3,GBP,71062.2
929,INV-1487,2,1536,2024-12-23,437,LTR,171.31,GBP,74862.47
930,INV-1815,1,1883,2024-02-12,270,LTR,35.18,USD,9498.6
931,INV-2456,4,1897,2025-07-20,487,KG,81.1,USD,39495.7
932,INV-3557,1,1857,2025-06-07,278,EA,271.52,GBP,75482.56
933,INV-9070,5,927,2024-05-27,271,LTR,35.71,USD,9677.41
934,INV-9890,2,82,2025-02-25,454,EA,245.23,EUR,111334.42
935,INV-1782,9,421,2025-08-04,130,EA,22.57,EUR,2934.1
936,INV-6733,1,1245,2024-09-16,270,KG,239.13,USD,64565.1
937,INV-4649,2,1867,2025-06-28,22,EA,319.22,USD,7022.84
938,INV-5747,3,1068,2024-01-29,341,LTR,369.12,EUR,125869.92
939,INV-8734,9,1030,2025-04-16,187,EA,421.54,GBP,78827.98
940,INV-9599,5,1714,2024-01-08,180,KG,45.35,GBP,8163.0
941,INV-9580,4,439,2025-06-30,128,KG,295.16,GBP,37780.48
942,INV-8001,6,1046,2025-06-03,376,KG,322.85,EUR,121391.6
943,INV-1427,6,1236,2025-02-20,214,LTR,133.0,USD,28462.0
944,INV-1077,8,1937,2024-05-27,240,KG,489.02,USD,117364.8
945,INV-4309,4,961,2024-12-13,85,EA,97.9,GBP,8321.5
946,INV-4040,9,138,2025-07-14,213,KG,223.13,GBP,47526.69
947,INV-6709,8,482,2024-09-19,236,KG,496.43,EUR,117157.48
948,INV-7732,7,797,2024-09-28,345,KG,34.94,GBP,12054.3
949,INV-9425,10,1656,2024-05-06,109,KG,288.64,USD,31461.76
950,INV-8304,4,426,2025-02-12,342,EA,317.43,EUR,108561.06
951,INV-5652,4,811,2025-05-14,349,LTR,297.88,EUR,103960.12
952,INV-2795,8,1931,2024-08-07,303,LTR,59.9,EUR,18149.7
953,INV-5099,7,179,2024-04-14,163,KG,362.91,GBP,59154.33
954,INV-6654,1,1366,2024-07-15,480,LTR,83.81,USD,40228.8
955,INV-1522,6,1113,2024-05-25,11,KG,33.1,USD,364.1
956,INV-6514,6,174,2025-10-08,16,EA,206.73,EUR,3307.68
957,INV-4969,8,40,2024-02-03,202,LTR,12.47,USD,2518.94
958,INV-4454,9,371,2024-01-14,283,EA,67.53,GBP,19110.99
959,INV-8010,2,392,2024-12-28,500,EA,388.96,USD,194480.0
960,INV-6621,1,1872,2025-08-09,87,EA,280.94,GBP,24441.78
961,INV-3046,9,1350,2024-01-12,350,EA,384.48,GBP,134568.0
962,INV-1259,7,960,2025-09-29,248,KG,435.98,EUR,108123.04
963,INV-1976,6,992,2025-12-11,420,EA,188.4,USD,79128.0
964,INV-8887,3,787,2024-11-17,74,EA,68.22,GBP,5048.28
965,INV-9696,10,838,2025-08-11,19,EA,206.57,USD,3924.83
966,INV-5295,4,1483,2024-07-08,221,EA,226.48,USD,50052.08
967,INV-6322,2,1600,2025-12-15,261,EA,78.28,GBP,20431.08
968,INV-7035,4,1239,2024-01-21,13,KG,477.57,GBP,6208.41
969,INV-6894,1,1330,2025-01-28,491,KG,128.22,EUR,62956.02
970,INV-7818,6,441,2025-08-28,32,KG,444.43,EUR,14221.76
971,INV-3968,4,985,2025-05-03,321,KG,201.43,GBP,64659.03
972,INV-8571,7,918,2024-10-05,261,KG,234.85,GBP,61295.85
973,INV-8199,6,1773,2025-05-13,124,KG,135.33,USD,16780.92
974,INV-6325,8,274,2025-08-09,347,LTR,359.17,GBP,124631.99
975,INV-9265,6,1525,2025-10-11,390,EA,131.83,USD,51413.7
976,INV-7948,9,983,2025-07-14,158,EA,233.4,EUR,36877.2
977,INV-7443,1,56,2025-06-24,88,LTR,134.38,EUR,11825.44
978,INV-5085,6,353,2024-08-13,483,LTR,426.87,EUR,206178.21
979,INV-6270,8,1059,2024-07-14,159,KG,163.66,EUR,26021.94
980,INV-1043,5,1384,2025-07-20,273,KG,132.23,EUR,36098.79
981,INV-3477,9,218,2025-01-24,79,KG,498.86,USD,39409.94
982,INV-2724,9,63,2025-05-07,333,LTR,210.56,GBP,70116.48
983,INV-2151,10,113,2024-07-10,428,KG,156.37,USD,66926.36
984,INV-8292,3,1873,2024-05-31,193,LTR,368.71,USD,71161.03
985,INV-7067,5,1743,2025-09-09,46,LTR,170.16,USD,7827.36
986,INV-4462,9,1861,2025-07-10,418,LTR,425.31,EUR,177779.58
987,INV-7200,2,1881,2025-06-08,425,EA,289.52,USD,123046.0
988,INV-8332,3,1884,2024-09-02,41,EA,73.34,GBP,3006.94
989,INV-5319,4,1428,2025-10-30,242,LTR,236.34,GBP,57194.28
990,INV-9411,4,98,2025-03-31,7,EA,91.3,GBP,639.1
991,INV-9794,8,1358,2024-02-17,294,EA,488.28,GBP,143554.32
992,INV-6243,3,1006,2025-02-24,414,LTR,189.13,GBP,78299.82
993,INV-1814,10,28,2025-12-09,403,EA,107.76,GBP,43427.28
994,INV-6316,7,1444,2024-11-05,72,KG,431.9,USD,31096.8
995,INV-9499,3,1070,2024-10-08,150,LTR,245.74,EUR,36861.0
996,INV-7368,5,1925,2025-05-10,186,LTR,375.38,GBP,69820.68
997,INV-6050,2,54,2024-05-13,35,LTR,334.07,USD,11692.45
998,INV-1852,8,306,2025-03-05,2,KG,17.52,GBP,35.04
999,INV-9940,5,450,2024-12-04,128,EA,82.91,EUR,10612.48
1000,INV-8082,4,1349,2025-01-02,88,KG,63.98,EUR,5630.24
1001,INV-6733,5,1800,2024-10-15,496,KG,445.33,GBP,220883.68
1002,INV-6431,4,1178,2025-09-30,462,EA,199.47,USD,92155.14
1003,INV-5456,6,448,2025-06-15,168,KG,34.39,EUR,5777.52
1004,INV-2953,6,262,2025-10-18,474,KG,373.72,USD,177143.28
1005,INV-4454,3,2,2024-06-21,134,KG,337.89,GBP,45277.26
1006,INV-4948,8,572,2025-12-04,172,LTR,56.73,EUR,9757.56
1007,INV-1652,10,1569,2025-01-22,110,EA,432.5,EUR,47575.0
1008,INV-7492,9,114,2025-06-07,13,EA,324.31,EUR,4216.03
1009,INV-9733,4,593,2024-08-28,436,LTR,118.11,USD,51495.96
1010,INV-2419,8,1109,2024-03-09,24,LTR,217.33,EUR,5215.92
1011,INV-3334,10,998,2024-09-12,33,LTR,93.38,GBP,3081.54
1012,INV-3672,6,1957,2025-07-21,333,LTR,41.45,USD,13802.85
1013,INV-3561,8,609,2024-11-11,130,KG,31.54,EUR,4100.2
1014,INV-7122,1,1117,2024-03-08,449,LTR,257.81,USD,115756.69
1015,INV-5696,10,1870,2025-12-23,418,EA,199.04,EUR,83198.72
1016,INV-5443,6,1874,2024-03-26,316,LTR,51.26,GBP,16198.16
1017,INV-4154,10,1658,2025-05-30,244,LTR,245.31,USD,59855.64
1018,INV-4090,8,1911,2025-06-16,83,EA,310.45,GBP,25767.35
1019,INV-3887,8,976,2024-11-05,120,KG,97.97,GBP,11756.4
1020,INV-3376,7,170,2024-10-18,6,LTR,342.29,USD,2053.74
1021,INV-8101,1,616,2024-05-14,198,EA,133.02,EUR,26337.96
1022,INV-9868,7,728,2025-04-30,404,EA,141.47,GBP,57153.88
1023,INV-5206,9,1983,2025-06-24,190,LTR,153.76,EUR,29214.4
1024,INV-4313,4,1297,2024-04-24,199,EA,284.33,GBP,56581.67
1025,INV-4931,9,922,2025-08-17,246,KG,463.67,EUR,114062.82
1026,INV-4608,6,1781,2025-07-28,28,KG,274.2,EUR,7677.6
1027,INV-1114,1,42,2025-10-15,102,KG,308.97,GBP,31514.94
1028,INV-7204,1,597,2024-12-04,257,KG,471.74,EUR,121237.18
1029,INV-6631,4,415,2025-03-03,281,LTR,46.76,USD,13139.56
1030,INV-8535,10,196,2025-10-27,366,KG,134.37,EUR,49179.42
1031,INV-8349,10,1076,2025-08-05,400,EA,28.59,EUR,11436.0
1032,INV-6562,6,281,2024-05-16,202,KG,426.93,USD,86239.86
1033,INV-3087,5,536,2025-07-06,280,KG,29.51,GBP,8262.8
1034,INV-6511,8,1690,2025-02-12,265,LTR,238.9,EUR,63308.5
1035,INV-5611,5,802,2025-10-26,40,KG,251.8,USD,10072.0
1036,INV-9663,9,115,2024-08-23,252,LTR,22.1,EUR,5569.2
1037,INV-2136,8,38,2024-02-10,217,EA,427.82,USD,92836.94
1038,INV-3008,9,1725,2024-12-30,10,LTR,353.1,EUR,3531.0
1039,INV-4702,7,591,2025-09-08,392,EA,21.84,GBP,8561.28
1040,INV-9537,4,920,2025-10-26,55,EA,64.49,EUR,3546.95
1041,INV-5950,7,431,2025-05-23,469,LTR,41.06,USD,19257.14
1042,INV-8086,9,1593,2025-02-08,57,LTR,331.17,USD,18876.69
1043,INV-5374,10,982,2024-01-20,361,LTR,354.55,EUR,127992.55
1044,INV-1121,4,1846,2024-03-24,337,KG,53.41,USD,17999.17
1045,INV-8518,9,51,2024-08-29,305,LTR,363.01,USD,110718.05
1046,INV-1603,2,69,2025-02-19,368,EA,83.73,EUR,30812.64
1047,INV-7440,10,1388,2024-07-22,256,KG,183.17,EUR,46891.52
1048,INV-2319,10,92,2025-03-17,187,LTR,197.27,USD,36889.49
1049,INV-1523,7,1174,2025-07-12,465,EA,489.78,GBP,227747.7
1050,INV-9912,5,975,2024-04-03,64,EA,386.86,GBP,24759.04
1051,INV-1209,6,1635,2025-09-27,312,EA,373.25,GBP,116454.0
1052,INV-9337,10,670,2024-05-18,111,LTR,250.76,EUR,27834.36
1053,INV-5642,4,1014,2025-10-31,83,KG,5.86,GBP,486.38
1054,INV-5979,7,645,2025-08-21,132,LTR,158.09,EUR,20867.88
1055,INV-2409,1,102,2024-05-09,474,EA,376.06,EUR,178252.44
1056,INV-4769,8,204,2024-10-28,116,EA,40.35,USD,4680.6
1057,INV-5537,8,1106,2025-01-17,393,LTR,348.61,USD,137003.73
1058,INV-8974,4,1839,2024-06-12,146,EA,367.73,EUR,53688.58
1059,INV-3206,3,545,2025-03-05,232,KG,401.35,EUR,93113.2
1060,INV-3535,3,1,2024-03-18,499,LTR,453.42,GBP,226256.58
1061,INV-1931,9,1425,2025-08-30,101,LTR,353.45,GBP,35698.45
1062,INV-7019,7,1176,2024-06-07,139,KG,82.06,GBP,11406.34
1063,INV-4036,8,335,2024-02-19,251,LTR,61.07,EUR,15328.57
1064,INV-3378,4,1757,2025-07-24,277,KG,25.85,USD,7160.45
1065,INV-8068,6,1976,2024-08-10,11,KG,192.68,USD,2119.48
1066,INV-2179,10,73,2025-05-06,282,LTR,51.93,USD,14644.26
1067,INV-7362,6,442,2025-11-23,40,KG,480.82,EUR,19232.8
1068,INV-1732,6,1947,2025-12-02,416,LTR,390.0,GBP,162240.0
1069,INV-4293,6,841,2025-06-03,264,LTR,493.54,EUR,130294.56
1070,INV-3846,7,589,2025-04-13,12,LTR,261.97,GBP,3143.64
1071,INV-1191,10,1622,2024-11-19,318,KG,324.46,EUR,103178.28
1072,INV-1990,9,86,2024-01-15,169,EA,234.67,EUR,39659.23
1073,INV-8552,1,1126,2025-07-24,313,KG,244.21,GBP,76437.73
1074,INV-6069,7,706,2025-03-23,278,KG,329.19,GBP,91514.82
1075,INV-1124,8,1529,2025-09-18,102,LTR,96.36,USD,9828.72
1076,INV-1332,10,851,2025-06-11,436,LTR,98.59,EUR,42985.24
1077,INV-9628,5,686,2025-05-12,94,LTR,308.07,EUR,28958.58
1078,INV-2284,6,1795,2024-03-29,85,LTR,397.25,GBP,33766.25
1079,INV-7453,4,212,2024-05-24,56,LTR,16.52,USD,925.12
1080,INV-9304,7,1275,2025-11-05,58,LTR,199.82,GBP,11589.56
1081,INV-6436,5,1815,2025-07-08,276,EA,82.42,USD,22747.92
1082,INV-9303,5,535,2024-04-08,106,KG,255.4,GBP,27072.4
1083,INV-4872,3,1137,2024-12-26,477,EA,185.04,EUR,88264.08
1084,INV-1099,6,1047,2025-10-18,157,KG,269.95,EUR,42382.15
1085,INV-3166,7,221,2024-01-03,478,KG,260.07,GBP,124313.46
1086,INV-2208,6,1896,2025-02-02,344,KG,432.94,USD,148931.36
1087,INV-7118,1,578,2024-10-14,367,LTR,93.21,EUR,34208.07
1088,INV-3136,10,1746,2024-07-21,375,LTR,26.27,USD,9851.25
1089,INV-1395,5,1527,2024-11-11,346,KG,294.14,USD,101772.44
1090,INV-9741,9,854,2025-11-28,236,EA,263.75,EUR,62245.0
1091,INV-6739,6,621,2024-10-25,495,LTR,394.68,GBP,195366.6
1092,INV-6964,2,1249,2024-12-24,496,KG,470.05,GBP,233144.8
1093,INV-5197,6,1190,2025-03-04,25,LTR,440.05,GBP,11001.25
1094,INV-4397,8,1252,2024-08-20,359,KG,136.96,EUR,49168.64
1095,INV-1414,1,816,2024-12-27,230,KG,126.36,EUR,29062.8
1096,INV-8994,4,521,2025-04-13,93,LTR,402.43,GBP,37425.99
1097,INV-5032,4,1704,2024-02-20,74,KG,81.54,USD,6033.96
1098,INV-1542,5,451,2025-10-30,376,KG,34.48,EUR,12964.48
1099,INV-3181,10,1321,2025-01-19,285,LTR,325.76,EUR,92841.6
1100,INV-7153,9,1207,2024-11-28,499,LTR,316.86,EUR,158113.14
1101,INV-2498,5,717,2025-04-22,47,KG,147.15,USD,6916.05
1102,INV-5474,3,629,2025-03-14,468,LTR,320.55,EUR,150017.4
1103,INV-7575,10,290,2025-04-13,323,LTR,188.52,USD,60891.96
1104,INV-9707,10,1568,2025-11-05,399,KG,376.75,EUR,150323.25
1105,INV-4204,4,1955,2024-10-21,260,KG,298.46,EUR,77599.6
1106,INV-6845,2,1726,2024-12-15,182,KG,356.42,USD,64868.44
1107,INV-7822,8,1684,2025-08-04,335,LTR,343.13,GBP,114948.55
1108,INV-1178,1,753,2025-05-21,60,KG,474.75,EUR,28485.0
1109,INV-9493,6,995,2024-01-20,18,KG,499.29,GBP,8987.22
1110,INV-5972,3,161,2024-03-22,418,KG,255.84,GBP,106941.12
1111,INV-9751,4,1756,2025-04-04,69,KG,98.28,USD,6781.32
1112,INV-5883,9,651,2025-08-19,72,LTR,189.13,EUR,13617.36
1113,INV-8676,1,182,2024-04-10,272,EA,9.7,EUR,2638.4
1114,INV-5767,10,1621,2024-07-30,173,EA,157.5,EUR,27247.5
1115,INV-5766,1,1033,2024-05-04,76,KG,437.89,USD,33279.64
1116,INV-4105,8,1889,2024-03-12,37,KG,138.47,EUR,5123.39
1117,INV-7915,1,1697,2025-04-29,245,KG,441.41,EUR,108145.45
1118,INV-2118,10,1180,2025-08-05,63,EA,297.18,USD,18722.34
1119,INV-6588,7,1380,2025-06-20,15,KG,147.86,GBP,2217.9
1120,INV-5915,7,1604,2024-08-16,443,LTR,178.5,GBP,79075.5
1121,INV-6328,9,1753,2024-10-05,314,KG,140.27,GBP,44044.78
1122,INV-6417,8,185,2025-07-01,424,LTR,210.39,GBP,89205.36
1123,INV-5681,5,1146,2025-12-09,303,LTR,483.1,EUR,146379.3
1124,INV-2899,4,1238,2024-03-22,58,LTR,388.16,GBP,22513.28
1125,INV-6500,10,660,2024-02-29,20,KG,463.61,USD,9272.2
1126,INV-8281,7,754,2025-12-16,384,EA,110.12,EUR,42286.08
1127,INV-6729,10,1114,2024-11-14,148,EA,46.74,EUR,6917.52
1128,INV-5380,4,97,2025-05-28,492,EA,303.77,GBP,149454.84
1129,INV-9331,7,460,2024-07-27,144,KG,429.04,EUR,61781.76
1130,INV-8722,7,321,2024-01-31,300,EA,235.06,USD,70518.0
1131,INV-2858,10,1617,2024-11-15,161,EA,383.02,GBP,61666.22
1132,INV-5500,10,1440,2024-08-26,485,KG,396.11,EUR,192113.35
1133,INV-4591,3,1286,2025-07-06,174,EA,32.41,USD,5639.34
1134,INV-5571,2,434,2025-07-13,182,LTR,6.65,USD,1210.3
1135,INV-9286,3,1785,2025-11-14,194,EA,478.23,EUR,92776.62
1136,INV-5181,5,1385,2024-05-31,259,EA,401.46,EUR,103978.14
1137,INV-5588,9,1607,2024-08-14,419,KG,366.68,XXX,153638.92
1138,INV-5627,8,1372,2024-08-20,296,LTR,263.48,EUR,77990.08
1139,INV-9126,5,905,2025-04-04,180,LTR,368.13,EUR,66263.4
1140,INV-2516,1,313,2024-07-05,100,KG,255.73,GBP,25573.0
1141,INV-8525,1,1686,2025-08-11,268,EA,192.9,EUR,51697.2
1142,INV-6348,2,328,2024-11-26,172,EA,389.57,USD,67006.04
1143,INV-6970,1,108,2025-10-15,33,EA,284.78,USD,9397.74
1144,INV-9862,10,700,2025-07-19,170,EA,445.37,GBP,75712.9
1145,INV-9121,10,1934,2025-02-20,59,KG,241.73,EUR,14262.07
1146,INV-1648,1,1858,2024-05-04,285,KG,174.45,GBP,49718.25
1147,INV-3006,2,791,2024-05-10,401,LTR,242.4,USD,97202.4
1148,INV-7156,5,534,2024-08-19,298,KG,255.04,GBP,76001.92
1149,INV-3950,10,26,2025-06-22,174,EA,145.98,GBP,25400.52
1150,INV-3759,2,1500,2025-05-16,237,EA,472.69,USD,112027.53
1151,INV-4307,10,283,2024-04-23,12,KG,285.74,USD,3428.88
1152,INV-5288,3,1700,2024-01-07,27,LTR,15.52,EUR,419.04
1153,INV-8079,2,205,2025-10-02,35,EA,25.69,EUR,899.15
1154,INV-1077,1,690,2024-03-14,22,EA,375.68,USD,8264.96
1155,INV-6750,10,1828,2025-05-09,290,LTR,125.75,USD,36467.5
1156,INV-5849,3,886,2025-05-01,97,EA,392.74,GBP,38095.78
1157,INV-1263,5,1546,2024-09-05,317,LTR,346.53,GBP,109850.01
1158,INV-1367,6,216,2024-11-03,382,EA,99.25,USD,37913.5
1159,INV-4527,5,236,2025-04-10,199,EA,40.54,EUR,8067.46
1160,INV-1050,7,1087,2024-07-07,202,EA,394.37,GBP,79662.74
1161,INV-2959,8,768,2024-09-30,270,KG,211.36,GBP,57067.2
1162,INV-7286,1,1973,2025-02-21,291,KG,145.35,EUR,42296.85
1163,INV-5506,4,1308,2025-06-25,173,EA,69.27,GBP,11983.71
1164,INV-9382,1,1602,2024-01-18,317,EA,490.9,GBP,155615.3
1165,INV-2061,7,1744,2025-05-20,331,KG,210.94,USD,69821.14
1166,INV-1461,4,1613,2025-01-03,78,KG,126.19,EUR,9842.82
1167,INV-4486,2,1522,2025-10-17,104,LTR,314.08,EUR,32664.32
1168,INV-2376,2,1641,2024-09-19,325,KG,192.43,USD,62539.75
1169,INV-7178,5,1066,2024-02-26,399,LTR,364.96,USD,145619.04
1170,INV-2784,1,1804,2025-04-21,286,EA,86.02,USD,24601.72
1171,INV-2488,6,1020,2025-02-14,367,EA,178.98,GBP,65685.66
1172,INV-6735,9,1369,2024-03-14,294,LTR,70.89,USD,20841.66
1173,INV-7391,9,707,2025-09-04,331,LTR,117.87,EUR,39014.97
1174,INV-6232,2,899,2024-08-21,11,EA,349.23,GBP,3841.53
1175,INV-9801,5,402,2024-12-21,495,LTR,273.23,GBP,135248.85
1176,INV-7956,9,344,2025-05-27,275,KG,492.54,EUR,135448.5
1177,INV-5799,3,1242,2024-12-09,371,EA,225.58,XXX,83690.18
1178,INV-1585,2,1779,2024-12-22,186,LTR,201.77,GBP,37529.22
1179,INV-7402,9,840,2025-03-24,497,LTR,73.2,USD,36380.4
1180,INV-6898,8,333,2025-03-16,27,LTR,108.15,EUR,2920.05
1181,INV-4760,7,1807,2024-11-14,203,LTR,394.45,GBP,80073.35
1182,INV-6382,7,1515,2025-06-24,52,LTR,222.65,GBP,11577.8
1183,INV-2876,2,1639,2025-04-01,93,KG,418.75,USD,38943.75
1184,INV-6541,4,276,2024-09-12,203,KG,460.26,EUR,93432.78
1185,INV-8753,6,967,2024-07-04,464,KG,398.35,GBP,184834.4
1186,INV-6398,6,1401,2025-01-18,344,LTR,387.69,EUR,133365.36
1187,INV-5387,10,1921,2024-04-12,235,EA,123.91,GBP,29118.85
1188,INV-5190,8,1509,2025-12-10,389,KG,496.47,GBP,193126.83
1189,INV-9212,9,1951,2024-06-11,234,LTR,199.76,EUR,46743.84
