PO_LINE_ID,PO_HEADER_ID,ITEM_ID,UOM,QUANTITY,UNIT_PRICE,DELIVERY_DATE
1,30001,1015.0,LTR,499,453.42,2025-10-30
2,30001,1001.0,KG,134,337.89,2024-06-23
3,30002,1012.0,LTR,41,86.43,2024-07-02
4,30002,1004.0,EA,162,286.33,2024-04-12
5,30003,1008.0,KG,338,434.23,2025-06-25
6,30003,1004.0,EA,345,6.51,2024-02-27
7,30004,1018.0,KG,251,70.59,2025-02-27
8,30004,1010.0,EA,445,417.25,2025-12-23
9,30005,1009.0,KG,55,452.68,2024-02-25
10,30006,1001.0,KG,105,62.24,2025-01-31
11,30006,1012.0,LTR,374,234.25,2025-10-29
12,30007,1008.0,KG,92,417.57,2025-09-11
13,30008,1003.0,EA,438,109.2,2024-02-20
14,30008,1007.0,LTR,387,268.52,2025-02-02
15,30008,,LTR,450,74.04,2025-05-28
16,30009,1001.0,KG,88,163.7,2024-04-15
17,30010,1001.0,KG,317,182.94,2024-01-19
18,30011,1015.0,LTR,213,302.61,2025-08-19
19,30011,1002.0,KG,497,408.46,2025-11-26
20,30011,1003.0,EA,193,261.72,2024-12-15
21,30012,1002.0,KG,25,157.3,2024-10-29
22,30012,1002.0,KG,126,496.81,2025-10-21
23,30012,1020.0,LTR,250,252.76,2025-01-23
24,30013,1005.0,LTR,208,461.23,2025-08-20
25,30013,1015.0,LTR,113,290.39,2025-04-28
26,30014,1006.0,EA,174,145.98,2024-01-27
27,30014,1016.0,KG,59,417.99,2024-10-20
28,30014,1014.0,EA,403,107.76,2025-12-21
29,30015,1004.0,EA,153,272.79,2025-06-24
30,30016,1001.0,KG,81,69.45,2025-01-11
31,30016,1019.0,KG,201,42.54,2024-09-21
32,30016,1005.0,LTR,484,404.06,2025-04-03
33,30017,1019.0,KG,169,222.53,2024-07-02
34,30018,1003.0,EA,157,251.88,2025-10-13
35,30019,1018.0,KG,301,299.0,2024-09-09
36,30019,1002.0,KG,156,20.6,2025-11-19
37,30019,1008.0,KG,256,223.07,2024-08-05
38,30020,1004.0,EA,217,427.82,2025-07-11
39,30020,1004.0,EA,236,400.29,2025-10-10
40,30020,1005.0,LTR,202,12.47,2025-06-26
41,30021,1015.0,LTR,18,460.16,2025-02-27
42,30021,1001.0,KG,102,308.97,2025-03-15
43,30021,1005.0,LTR,77,130.11,2024-07-02
44,30022,1014.0,EA,121,462.92,2025-12-01
45,30022,1010.0,EA,372,267.47,2025-11-08
46,30023,1017.0,EA,459,405.07,2025-07-02
47,30023,1009.0,KG,64,59.67,2025-07-29
48,30023,1020.0,LTR,474,217.51,2024-08-11
49,30024,1020.0,LTR,478,124.11,2024-01-05
50,30025,1008.0,KG,483,241.52,2024-11-29
51,30025,1005.0,LTR,305,363.01,2025-02-08
52,30026,1003.0,EA,225,347.34,2025-05-11
53,30027,1004.0,EA,120,366.67,2024-09-24
54,30027,1015.0,LTR,35,334.07,2024-06-02
55,30028,1002.0,KG,15,108.63,2025-12-30
56,30028,1020.0,LTR,88,134.38,2024-10-21
57,30029,1002.0,KG,21,367.75,2024-05-24
58,30029,1018.0,KG,389,321.27,2025-08-29
59,30029,1015.0,LTR,317,155.72,2024-02-14
60,30030,1010.0,EA,92,318.63,2025-03-28
61,30030,1020.0,LTR,205,192.68,2024-09-29
62,30031,1015.0,LTR,131,399.06,2024-12-21
63,30031,1007.0,LTR,333,210.56,2025-05-03
64,30032,1004.0,EA,425,122.78,2024-10-18
65,30033,1017.0,EA,115,204.11,2024-03-30
66,30033,1015.0,LTR,437,201.63,2024-05-05
67,30033,1019.0,KG,78,444.4,2025-09-28
68,30034,1015.0,LTR,204,432.28,2024-03-06
69,30034,1006.0,EA,368,83.73,2025-05-09
70,30035,1017.0,EA,41,272.34,2024-01-11
71,30036,1017.0,EA,366,126.14,2025-03-25
72,30036,1004.0,EA,213,144.82,2024-07-18
73,30036,1007.0,LTR,282,51.93,2025-01-24
74,30037,1009.0,KG,60,251.72,2025-11-13
75,30037,1013.0,LTR,304,418.45,2024-09-27
76,30037,1006.0,EA,274,113.58,2025-08-11
77,30038,1006.0,EA,226,180.31,2024-08-07
78,30038,1016.0,KG,51,479.81,2024-04-11
79,30038,1011.0,KG,170,123.15,2025-09-01
80,30039,1009.0,KG,97,417.26,2024-04-04
81,30040,1009.0,KG,441,206.75,2025-12-29
82,30040,1004.0,EA,454,245.23,2024-06-04
83,30041,1003.0,EA,385,159.19,2024-06-29
84,30042,1017.0,EA,292,370.94,2024-01-10
85,30042,1012.0,LTR,145,261.47,2025-10-18
86,30043,1006.0,EA,169,234.67,2024-02-26
87,30044,1016.0,KG,496,72.31,2024-10-27
88,30044,1019.0,KG,117,306.14,2025-11-10
89,30044,1009.0,KG,463,419.56,2025-01-10
90,30045,1019.0,KG,226,154.04,2024-01-23
91,30045,1002.0,KG,237,335.92,2025-05-22
92,30045,1015.0,LTR,187,197.27,2024-06-28
93,30046,1015.0,LTR,169,493.69,2024-02-25
94,30047,1007.0,LTR,436,95.59,2025-03-05
95,30047,1004.0,EA,110,47.13,2024-09-25
96,30047,1018.0,KG,226,373.04,2024-11-28
97,30048,1014.0,EA,492,303.77,2024-07-29
98,30048,1004.0,EA,7,91.3,2025-09-10
99,30048,1013.0,LTR,223,498.85,2024-07-31
100,30049,1003.0,EA,122,26.19,2025-01-06
101,30049,1009.0,KG,296,259.38,2024-05-29
102,30050,1017.0,EA,474,376.06,2025-05-11
103,30051,1014.0,EA,43,56.01,2025-06-02
104,30051,1016.0,KG,178,303.65,2024-03-21
105,30052,1009.0,KG,212,90.61,2025-05-05
106,30053,1016.0,KG,313,286.55,2025-06-15
107,30053,1008.0,KG,308,399.13,2025-06-05
108,30053,1010.0,EA,33,284.78,2025-08-25
109,30054,1020.0,LTR,176,39.07,2025-03-02
110,30054,1002.0,KG,341,447.06,2025-08-22
111,30055,1013.0,LTR,418,306.42,2025-10-27
112,30055,1014.0,EA,245,156.07,2024-07-06
113,30055,1002.0,KG,428,156.37,2025-08-22
114,30056,1003.0,EA,13,324.31,2024-01-29
115,30056,1005.0,LTR,252,22.1,2024-10-16
116,30057,1006.0,EA,154,342.19,2024-08-19
117,30058,1018.0,KG,215,472.67,2025-02-04
118,30058,1005.0,LTR,127,85.94,2025-03-18
119,30059,1014.0,EA,20,418.28,2024-12-14
120,30059,1019.0,KG,96,138.4,2024-01-29
121,30060,1015.0,LTR,471,390.78,2024-02-19
122,30060,1018.0,KG,250,290.42,2024-11-20
123,30060,1009.0,KG,141,467.34,2024-07-20
124,30061,1012.0,LTR,100,405.11,2024-04-17
125,30061,1015.0,LTR,40,453.43,2025-02-11
126,30061,1019.0,KG,368,236.6,2025-07-31
127,30062,1019.0,KG,197,224.77,2025-03-28
128,30062,1014.0,EA,184,217.41,2025-03-27
129,30063,1012.0,LTR,9,359.87,2025-12-30
130,30063,1020.0,LTR,125,422.52,2025-12-26
131,30063,1003.0,EA,163,39.11,2024-08-09
132,30064,1001.0,KG,346,169.28,2025-12-08
133,30064,1013.0,LTR,43,412.46,2025-03-21
134,30065,1012.0,LTR,342,160.93,2025-04-01
135,30066,1004.0,EA,280,431.66,2024-04-14
136,30067,1019.0,KG,196,179.23,2025-01-22
137,30067,1010.0,EA,244,25.32,2024-04-28
138,30067,1011.0,KG,213,223.13,2024-03-30
139,30068,1016.0,KG,68,492.31,2024-03-23
140,30068,1012.0,LTR,65,475.21,2024-03-02
141,30069,1003.0,EA,111,470.78,2024-09-11
142,30069,1007.0,LTR,160,416.94,2024-03-11
143,30070,1006.0,EA,223,397.51,2024-03-02
144,30070,1012.0,LTR,436,153.61,2025-10-29
145,30070,1018.0,KG,124,33.15,2024-08-02
146,30071,1010.0,EA,401,37.01,2024-07-26
147,30071,1014.0,EA,223,108.53,2024-06-21
148,30072,1006.0,EA,281,348.48,2024-02-07
149,30072,1014.0,EA,251,441.2,2024-09-14
150,30073,1007.0,LTR,494,112.51,2024-07-10
151,30074,1009.0,KG,279,51.79,2025-01-10
152,30074,1005.0,LTR,256,252.45,2024-04-21
153,30075,1016.0,KG,59,418.63,2024-05-20
154,30075,1019.0,KG,264,87.81,2024-03-31
155,30076,1007.0,LTR,172,94.42,2025-10-02
156,30076,1009.0,KG,297,22.6,2024-03-10
157,30077,1004.0,EA,318,35.52,2025-08-28
158,30077,1019.0,KG,451,129.46,2025-12-28
159,30078,1020.0,LTR,363,58.59,2024-07-13
160,30078,1007.0,LTR,383,227.33,2025-10-31
161,30079,1001.0,KG,418,255.84,2024-12-13
162,30079,1008.0,KG,374,291.02,2024-09-13
163,30079,1013.0,LTR,313,59.1,2024-01-21
164,30080,1017.0,EA,278,234.23,2024-06-18
165,30080,1005.0,LTR,267,66.12,2024-05-14
166,30080,1013.0,LTR,328,373.97,2024-11-27
167,30081,1016.0,KG,401,109.11,2025-07-28
168,30082,1017.0,EA,87,288.05,2024-07-22
169,30082,1017.0,EA,398,378.12,2025-03-03
170,30083,1020.0,LTR,6,342.29,2024-04-18
171,30083,1003.0,EA,169,183.64,2025-04-17
172,30084,1011.0,KG,413,456.36,2024-12-24
173,30085,1010.0,EA,48,245.3,2024-12-11
174,30085,1014.0,EA,16,206.73,2025-05-01
175,30085,1016.0,KG,249,455.58,2025-03-28
176,30086,1017.0,EA,309,14.72,2025-05-05
177,30086,1001.0,KG,494,473.83,2024-09-09
178,30087,1010.0,EA,442,142.97,2024-09-23
179,30087,1019.0,KG,163,362.91,2025-07-12
180,30087,1004.0,EA,128,240.88,2025-12-25
181,30088,1007.0,LTR,260,39.26,2025-07-18
182,30088,1003.0,EA,272,9.7,2025-01-19
183,30089,1017.0,EA,383,179.26,2024-02-10
184,30089,1004.0,EA,272,19.2,2025-08-07
185,30090,1013.0,LTR,424,210.39,2025-02-19
186,30090,1010.0,EA,166,276.61,2025-02-21
187,30091,1019.0,KG,194,22.3,2025-09-26
188,30091,1020.0,LTR,239,298.08,2025-04-18
189,30091,1017.0,EA,244,34.95,2025-01-07
190,30092,1002.0,KG,275,24.46,2024-09-23
191,30092,1015.0,LTR,310,433.19,2024-09-16
192,30093,1003.0,EA,28,348.07,2024-02-12
193,30094,1004.0,EA,278,480.53,2025-08-21
194,30095,1008.0,KG,264,140.53,2024-10-24
195,30096,1009.0,KG,122,109.13,2024-06-19
196,30096,1001.0,KG,366,134.37,2025-05-05
197,30096,1011.0,KG,78,54.87,2024-10-23
198,30097,1013.0,LTR,472,306.52,2025-10-01
199,30097,1010.0,EA,284,27.29,2025-07-31
200,30098,1017.0,EA,373,21.3,2025-06-18
201,30098,1012.0,LTR,438,414.91,2025-01-02
202,30099,1003.0,EA,35,39.25,2025-12-27
203,30100,1020.0,LTR,247,493.71,2025-04-16
204,30100,1003.0,EA,116,40.35,2024-09-19
205,30101,1017.0,EA,35,25.69,2024-09-05
206,30102,1001.0,KG,51,252.51,2024-08-05
207,30102,1006.0,EA,235,485.24,2025-09-04
208,30102,1020.0,LTR,160,368.81,2025-08-03
209,30103,1009.0,KG,460,273.51,2025-09-20
210,30104,1008.0,KG,129,360.23,2025-09-26
211,30105,1009.0,KG,123,206.91,2024-06-06
212,30105,1013.0,LTR,56,16.52,2024-07-17
213,30105,1017.0,EA,316,407.72,2025-03-01
214,30106,1020.0,LTR,466,458.36,2025-12-04
215,30107,1020.0,LTR,417,35.86,2025-05-09
216,30107,1014.0,EA,382,99.25,2024-03-24
217,30107,1013.0,LTR,273,351.96,2025-12-07
218,30108,1008.0,KG,79,498.86,2025-02-03
219,30108,1014.0,EA,85,27.79,2024-07-02
220,30108,1012.0,LTR,11,432.93,2025-01-05
221,30109,1001.0,KG,478,260.07,2025-05-16
222,30110,1012.0,LTR,319,150.56,2024-12-12
223,30110,1005.0,LTR,168,305.52,2024-04-09
224,30111,1008.0,KG,90,155.2,2025-07-17
225,30111,1001.0,KG,390,97.53,2025-12-13
226,30112,1020.0,LTR,307,478.1,2024-06-26
227,30113,1007.0,LTR,293,260.56,2025-12-01
228,30113,1012.0,LTR,137,180.33,2025-08-28
229,30114,1010.0,EA,314,260.78,2024-01-21
230,30114,1003.0,EA,121,431.9,2025-05-05
231,30115,1015.0,LTR,196,274.34,2024-12-13
232,30115,1002.0,KG,182,448.74,2025-10-08
233,30116,1009.0,KG,476,84.2,2024-09-01
234,30117,1006.0,EA,87,414.1,2025-06-03
235,30117,1013.0,LTR,379,40.14,2024-02-24
236,30117,1010.0,EA,199,40.54,2025-05-20
237,30118,1013.0,LTR,69,64.47,2024-05-21
238,30118,1011.0,KG,196,88.8,2024-04-21
239,30119,1018.0,KG,174,157.42,2025-12-18
240,30119,1013.0,LTR,60,491.9,2024-08-04
241,30119,1020.0,LTR,169,58.57,2024-01-26
242,30120,1003.0,EA,352,139.72,2024-07-08
243,30121,1012.0,LTR,314,111.9,2024-03-15
244,30121,1011.0,KG,227,103.61,2024-08-25
245,30121,1001.0,KG,394,266.11,2025-11-12
246,30122,1011.0,KG,210,337.09,2024-04-24
247,30122,1019.0,KG,248,242.43,2024-05-05
248,30123,1017.0,EA,11,484.73,2025-11-07
249,30124,1013.0,LTR,247,329.43,2025-08-10
250,30124,1011.0,KG,260,195.48,2024-07-31
251,30125,1017.0,EA,408,407.08,2024-06-27
252,30126,1007.0,LTR,429,465.24,2025-07-19
253,30127,1010.0,EA,189,303.99,2024-12-08
254,30128,1010.0,EA,25,490.42,2024-08-07
255,30128,1020.0,LTR,457,385.52,2024-12-21
256,30128,1013.0,LTR,166,234.51,2024-02-08
257,30129,1015.0,LTR,448,424.56,2024-02-29
258,30129,1012.0,LTR,338,363.2,2024-12-17
259,30130,1013.0,LTR,29,324.7,2025-12-25
260,30130,1007.0,LTR,10,66.1,2024-04-12
261,30130,1017.0,EA,308,345.08,2025-11-22
262,30131,1008.0,KG,474,373.72,2025-02-18
263,30131,1007.0,LTR,19,180.73,2025-05-02
264,30131,1004.0,EA,331,475.3,2024-08-26
265,30132,1010.0,EA,154,311.63,2025-11-02
266,30132,1011.0,KG,96,167.83,2024-11-28
267,30133,1006.0,EA,286,136.07,2025-07-17
268,30133,1002.0,KG,297,308.86,2025-11-10
269,30133,1016.0,KG,196,465.85,2025-12-23
270,30134,1012.0,LTR,312,453.85,2024-05-30
271,30135,1010.0,EA,234,390.61,2025-12-18
272,30136,1016.0,KG,2,312.37,2024-11-02
273,30137,1012.0,LTR,391,327.08,2024-01-20
274,30137,1012.0,LTR,347,359.17,2025-08-05
275,30137,1014.0,EA,255,179.64,2025-04-02
276,30138,1002.0,KG,203,460.26,2024-11-27
277,30138,1007.0,LTR,394,134.4,2024-12-29
278,30139,1019.0,KG,129,43.91,2025-08-04
279,30139,1009.0,KG,169,203.81,2025-02-23
280,30139,1010.0,EA,321,51.39,2024-04-02
281,30140,1008.0,KG,202,426.93,2024-07-27
282,30140,1002.0,KG,405,239.92,2025-05-24
283,30141,1011.0,KG,12,285.74,2024-04-06
284,30142,1019.0,KG,171,222.13,2025-08-16
285,30142,1018.0,KG,422,130.51,2024-12-08
286,30142,1008.0,KG,354,423.72,2025-06-03
287,30143,1016.0,KG,68,458.18,2024-05-21
288,30144,1016.0,KG,462,349.62,2025-06-17
289,30144,1015.0,LTR,322,450.84,2025-07-07
290,30145,1005.0,LTR,323,188.52,2025-07-31
291,30145,1010.0,EA,14,277.94,2025-11-22
292,30146,1017.0,EA,81,443.41,2024-05-30
293,30147,1006.0,EA,325,492.96,2024-04-04
294,30148,1011.0,KG,49,383.99,2025-03-04
295,30148,1020.0,LTR,488,97.56,2024-04-25
296,30148,1011.0,KG,204,492.84,2025-04-23
297,30149,1009.0,KG,292,307.25,2025-12-31
298,30149,1002.0,KG,285,262.43,2025-12-09
299,30149,1015.0,LTR,264,440.34,2025-04-23
300,30150,1015.0,LTR,136,243.61,2025-03-11
301,30150,1004.0,EA,173,366.88,2024-06-29
302,30150,1012.0,LTR,22,83.24,2025-05-10
303,30151,1005.0,LTR,263,419.41,2024-05-21
304,30152,1018.0,KG,108,301.71,2024-07-31
305,30152,1004.0,EA,417,46.92,2024-12-24
306,30153,1018.0,KG,2,17.52,2025-09-17
307,30154,1018.0,KG,148,381.61,2024-10-18
308,30155,1007.0,LTR,303,148.51,2025-04-08
309,30156,1008.0,KG,120,369.92,2025-03-02
310,30156,1014.0,EA,332,174.47,2025-09-26
311,30156,1017.0,EA,33,153.5,2024-02-15
312,30157,1001.0,KG,175,106.42,2024-07-03
313,30158,1009.0,KG,100,255.73,2025-06-08
314,30158,1003.0,EA,336,91.05,2024-10-02
315,30158,1018.0,KG,348,477.46,2024-12-06
316,30159,1015.0,LTR,171,182.67,2025-07-07
317,30159,1014.0,EA,402,91.38,2025-07-05
318,30160,1019.0,KG,17,5.65,2025-11-15
319,30160,1018.0,KG,219,81.21,2024-03-12
320,30160,1013.0,LTR,493,198.78,2025-06-10
321,30161,1014.0,EA,300,235.06,2024-01-25
322,30161,1004.0,EA,73,411.99,2025-11-04
323,30161,1014.0,EA,36,488.79,2025-11-14
324,30162,1012.0,LTR,266,95.0,2024-07-27
325,30162,1011.0,KG,27,351.17,2024-08-06
326,30163,1007.0,LTR,75,197.45,2024-08-13
327,30163,1016.0,KG,107,289.41,2024-03-09
328,30164,1006.0,EA,172,389.57,2024-05-21
329,30164,1012.0,LTR,135,20.35,2024-03-30
330,30164,1007.0,LTR,76,370.18,2024-03-14
331,30165,1007.0,LTR,149,417.71,2025-12-14
332,30166,1010.0,EA,229,280.24,2024-12-25
333,30167,1020.0,LTR,27,108.15,2024-11-20
334,30167,1018.0,KG,206,11.05,2024-11-15
335,30167,1015.0,LTR,251,61.07,2024-12-15
336,30168,1015.0,LTR,95,183.22,2024-07-17
337,30169,1016.0,KG,253,76.89,2025-02-15
338,30170,1019.0,KG,493,443.96,2024-11-14
339,30171,1017.0,EA,159,363.98,2024-03-27
340,30172,1010.0,EA,54,273.02,2024-03-06
341,30172,1004.0,EA,375,375.98,2024-11-18
342,30172,1004.0,EA,223,184.84,2024-11-08
343,30173,1011.0,KG,115,244.6,2025-01-10
344,30173,1001.0,KG,275,492.54,2025-01-06
345,30173,1001.0,KG,319,248.17,2024-02-26
346,30174,1020.0,LTR,174,221.23,2025-09-30
347,30174,1012.0,LTR,51,227.96,2025-01-22
348,30174,1006.0,EA,284,112.2,2025-05-01
349,30175,1019.0,KG,250,156.03,2024-06-16
350,30175,1014.0,EA,87,496.99,2025-12-17
351,30176,1014.0,EA,418,211.85,2025-07-02
352,30176,1007.0,LTR,254,211.53,2024-04-28
353,30176,1012.0,LTR,483,426.87,2025-11-21
354,30177,1010.0,EA,61,66.93,2024-09-15
355,30177,1008.0,KG,232,96.33,2024-01-20
356,30177,1012.0,LTR,344,178.87,2024-04-27
357,30178,1001.0,KG,8,483.45,2025-05-06
358,30179,1013.0,LTR,480,186.48,2024-05-05
359,30179,1009.0,KG,61,106.11,2024-06-19
360,30180,1014.0,EA,16,318.93,2024-12-31
361,30180,1010.0,EA,16,32.72,2025-03-16
362,30181,1018.0,KG,271,377.01,2025-08-06
363,30181,1011.0,KG,68,342.66,2024-06-25
364,30181,1013.0,LTR,33,139.31,2025-11-13
365,30182,1020.0,LTR,140,424.97,2025-02-17
366,30183,1002.0,KG,325,158.55,2024-07-27
367,30183,1011.0,KG,60,401.18,2025-09-27
368,30183,1010.0,EA,491,159.49,2024-12-30
369,30184,1015.0,LTR,288,260.41,2024-07-02
370,30184,1014.0,EA,262,254.05,2025-11-23
371,30184,1010.0,EA,283,67.53,2024-07-12
372,30185,1009.0,KG,460,29.26,2025-09-15
373,30185,1015.0,LTR,472,482.55,2025-10-31
374,30185,1018.0,KG,409,34.85,2024-09-13
375,30186,1003.0,EA,57,356.93,2025-05-30
376,30186,1014.0,EA,20,461.86,2024-05-17
377,30187,1011.0,KG,231,97.1,2024-08-11
378,30188,1007.0,LTR,375,126.26,2024-08-31
379,30189,1014.0,EA,245,272.37,2024-11-19
380,30189,1005.0,LTR,124,332.65,2025-05-14
381,30189,1005.0,LTR,81,281.7,2025-10-15
382,30190,1014.0,EA,478,469.08,2024-01-08
383,30190,1003.0,EA,441,374.66,2024-02-26
384,30190,1005.0,LTR,343,46.87,2024-06-13
385,30191,1006.0,EA,92,428.46,2025-02-14
386,30191,1003.0,EA,328,427.01,2025-09-03
387,30191,1010.0,EA,303,275.04,2024-03-02
388,30192,1002.0,KG,101,172.96,2024-12-29
389,30192,1013.0,LTR,142,211.85,2024-10-18
390,30192,1011.0,KG,470,411.24,2024-12-12
391,30193,1007.0,LTR,16,40.44,2025-09-12
392,30194,1017.0,EA,500,388.96,2024-07-28
393,30194,1017.0,EA,296,167.88,2024-07-12
394,30194,1018.0,KG,116,172.33,2024-07-07
395,30195,1011.0,KG,356,300.14,2024-12-24
396,30195,1020.0,LTR,151,351.17,2025-07-23
397,30196,1017.0,EA,444,176.32,2025-01-15
398,30196,1008.0,KG,44,320.47,2025-12-09
399,30197,1005.0,LTR,343,252.45,2025-05-26
400,30198,1001.0,KG,113,432.65,2024-03-02
401,30199,1006.0,EA,422,7.48,2025-10-01
402,30199,1020.0,LTR,495,273.23,2025-04-09
403,30199,1004.0,EA,184,164.31,2025-11-25
404,30200,1009.0,KG,30,464.73,2025-04-14
405,30200,1004.0,EA,36,368.52,2025-01-26
406,30200,1011.0,KG,351,288.32,2024-04-28
407,30201,1004.0,EA,427,285.29,2024-05-01
408,30202,1016.0,KG,338,244.91,2025-08-17
409,30202,1010.0,EA,417,264.49,2025-11-14
410,30202,1019.0,KG,13,363.64,2025-06-05
411,30203,1020.0,LTR,362,319.21,2024-08-22
412,30203,1011.0,KG,493,418.68,2025-12-31
413,30204,1003.0,EA,322,102.73,2025-06-11
414,30205,1003.0,EA,62,252.28,2024-11-16
415,30205,1005.0,LTR,281,46.76,2024-06-10
416,30206,1001.0,KG,149,323.86,2024-02-14
417,30207,1019.0,KG,133,39.27,2024-08-24
418,30207,1013.0,LTR,224,323.62,2025-11-03
419,30208,1016.0,KG,94,321.53,2025-05-08
420,30208,1001.0,KG,235,170.97,2024-06-06
421,30209,1014.0,EA,130,22.57,2024-11-13
422,30209,1002.0,KG,261,270.57,2024-11-30
423,30209,1001.0,KG,488,388.49,2024-12-09
424,30210,1014.0,EA,344,183.46,2025-11-01
425,30210,1020.0,LTR,148,316.24,2024-10-28
426,30211,1006.0,EA,342,317.43,2024-04-06
427,30212,1018.0,KG,21,223.65,2025-01-17
428,30212,1018.0,KG,351,350.73,2025-09-15
429,30212,1005.0,LTR,292,68.76,2024-08-09
430,30213,1011.0,KG,406,463.29,2024-03-02
431,30214,1020.0,LTR,469,41.06,2025-04-10
432,30215,1012.0,LTR,221,462.89,2024-02-19
433,30215,1015.0,LTR,324,103.18,2024-03-11
434,30215,1015.0,LTR,182,6.65,2024-03-25
435,30216,1019.0,KG,151,178.85,2025-07-22
436,30216,1002.0,KG,473,325.88,2024-11-20
437,30217,1011.0,KG,43,456.64,2025-07-26
438,30217,1001.0,KG,405,79.79,2024-11-29
439,30217,,KG,128,295.16,2024-06-15
440,30218,1001.0,KG,53,217.04,2025-12-17
441,30218,1018.0,KG,32,444.43,2025-01-21
442,30218,1008.0,KG,40,480.82,2024-05-06
443,30219,1012.0,LTR,212,89.13,2025-05-24
444,30219,1013.0,LTR,224,235.63,2024-09-11
445,30220,1004.0,EA,292,221.31,2024-01-26
446,30221,1011.0,KG,203,105.76,2024-09-25
447,30221,1007.0,LTR,47,403.41,2025-02-13
448,30221,1018.0,KG,168,34.39,2024-01-06
449,30222,1001.0,KG,373,449.63,2025-02-24
450,30223,1014.0,EA,128,82.91,2025-01-31
451,30224,1018.0,KG,376,34.48,2025-10-27
452,30224,1020.0,LTR,422,433.36,2025-03-06
453,30225,1002.0,KG,187,208.37,2025-06-06
454,30225,1016.0,KG,160,338.5,2024-09-17
455,30226,1014.0,EA,468,355.81,2025-09-09
456,30227,1006.0,EA,261,402.07,2025-04-12
457,30227,1012.0,LTR,108,157.61,2025-07-23
458,30227,1010.0,EA,67,428.42,2025-11-06
459,30228,1015.0,LTR,300,274.5,2024-03-27
460,30229,1018.0,KG,144,429.04,2025-07-20
461,30230,1018.0,KG,145,201.5,2024-12-04
462,30231,1005.0,LTR,165,128.22,2024-11-04
463,30231,1002.0,KG,321,67.01,2025-01-09
464,30232,1003.0,EA,313,409.93,2025-06-28
465,30232,1001.0,KG,258,417.09,2024-04-09
466,30233,1002.0,KG,461,353.02,2025-03-31
467,30233,1003.0,EA,217,219.56,2025-03-12
468,30233,1019.0,KG,322,84.59,2025-05-07
469,30234,1013.0,LTR,452,447.96,2025-02-07
470,30234,1015.0,LTR,437,483.18,2025-12-12
471,30234,1012.0,LTR,197,136.93,2025-10-24
472,30235,1003.0,EA,311,26.41,2025-07-08
473,30235,1020.0,LTR,427,409.53,2025-09-07
474,30236,1007.0,LTR,3,254.47,2025-02-02
475,30236,1001.0,KG,471,50.19,2024-10-20
476,30237,1007.0,LTR,3,218.07,2025-09-19
477,30238,1003.0,EA,8,454.4,2025-05-12
478,30238,1017.0,EA,267,261.84,2024-08-26
479,30238,1014.0,EA,472,302.96,2024-12-22
480,30239,1010.0,EA,75,425.62,2024-01-22
481,30240,1008.0,KG,86,454.77,2025-04-11
482,30241,1019.0,KG,236,496.43,2024-11-04
483,30242,1010.0,EA,488,249.63,2025-03-19
484,30242,1018.0,KG,266,341.22,2024-01-11
485,30242,1018.0,KG,436,93.51,2024-11-22
486,30243,1010.0,EA,130,490.41,2025-01-24
487,30243,1008.0,KG,248,466.34,2024-09-01
488,30244,1015.0,LTR,201,255.96,2025-06-09
489,30244,1004.0,EA,200,422.8,2024-07-31
490,30245,1007.0,LTR,76,425.48,2024-03-02
491,30246,1011.0,KG,270,39.18,2025-12-20
492,30246,1019.0,KG,459,220.99,2024-02-03
493,30246,1019.0,KG,97,126.34,2025-12-30
494,30247,1016.0,KG,339,67.48,2024-08-18
495,30248,1002.0,KG,14,52.95,2025-03-25
496,30249,1006.0,EA,100,241.52,2024-11-27
497,30250,1011.0,KG,298,295.82,2025-07-01
498,30250,1013.0,LTR,348,359.41,2024-08-20
499,30250,1002.0,KG,354,132.57,2024-09-23
500,30251,1006.0,EA,154,72.93,2025-12-09
501,30251,1018.0,KG,277,493.72,2025-08-04
502,30252,1013.0,LTR,121,361.41,2025-08-14
503,30252,1019.0,KG,69,330.24,2025-10-31
504,30252,1017.0,EA,333,28.97,2025-10-04
505,30253,1007.0,LTR,199,263.44,2024-11-14
506,30253,1009.0,KG,278,59.02,2024-01-21
507,30253,1001.0,KG,62,78.85,2025-12-03
508,30254,1006.0,EA,10,86.19,2024-10-20
509,30255,1014.0,EA,500,119.77,2024-04-26
510,30255,1015.0,LTR,222,366.45,2025-03-26
511,30256,1001.0,KG,149,125.38,2025-08-11
512,30256,1007.0,LTR,233,316.36,2024-01-04
513,30256,1008.0,KG,262,464.93,2025-09-20
514,30257,1013.0,LTR,272,126.17,2025-03-15
515,30258,1014.0,EA,251,407.14,2024-05-16
516,30258,1018.0,KG,470,287.59,2024-01-30
517,30259,1010.0,EA,54,176.2,2024-11-28
518,30259,1006.0,EA,314,103.32,2025-01-28
519,30260,1017.0,EA,145,324.12,2025-05-03
520,30260,1010.0,EA,252,10.6,2024-10-15
521,30260,1012.0,LTR,93,402.43,2024-02-11
522,30261,1009.0,KG,43,63.85,2024-01-01
523,30262,1010.0,EA,272,353.91,2024-08-11
524,30262,1018.0,KG,493,322.52,2024-09-14
525,30263,1009.0,KG,5,188.13,2024-03-01
526,30263,1007.0,LTR,370,154.16,2025-07-10
527,30263,1010.0,EA,144,73.07,2025-09-13
528,30264,1015.0,LTR,59,378.86,2025-11-25
529,30264,1006.0,EA,484,411.21,2025-10-12
530,30264,1013.0,LTR,240,246.37,2025-10-12
531,30265,1006.0,EA,3,48.33,2025-09-02
532,30265,1002.0,KG,121,451.6,2025-10-16
533,30265,1015.0,LTR,283,482.6,2025-04-01
534,30266,1001.0,KG,298,255.04,2024-03-13
535,30266,1008.0,KG,106,255.4,2025-12-20
536,30266,1019.0,KG,280,29.51,2025-02-26
537,30267,1004.0,EA,375,384.83,2025-10-29
538,30267,1011.0,KG,128,197.3,2024-10-26
539,30267,1001.0,KG,427,11.25,2025-02-11
540,30268,1003.0,EA,354,234.68,2025-04-08
541,30268,1006.0,EA,241,228.21,2024-08-27
542,30269,1017.0,EA,428,443.11,2025-10-05
543,30270,1008.0,KG,86,118.63,2025-11-04
544,30270,1002.0,KG,485,461.56,2024-06-01
545,30271,1018.0,KG,232,401.35,2024-06-26
546,30271,1019.0,KG,329,159.66,2025-05-14
547,30271,1010.0,EA,26,137.57,2024-04-02
548,30272,1018.0,KG,45,140.09,2025-03-26
549,30272,1012.0,LTR,186,129.26,2024-10-17
550,30272,1019.0,KG,407,49.01,2025-09-05
551,30273,1015.0,LTR,34,322.05,2025-11-30
552,30273,1009.0,KG,248,266.03,2024-10-11
553,30273,1020.0,LTR,333,421.48,2024-10-30
554,30274,1019.0,KG,32,292.91,2025-01-24
555,30274,1014.0,EA,172,396.57,2025-12-24
556,30274,1003.0,EA,380,50.35,2025-04-20
557,30275,1017.0,EA,478,261.74,2025-06-02
558,30275,1011.0,KG,172,38.27,2024-02-06
559,30276,1007.0,LTR,376,332.48,2025-12-18
560,30277,1006.0,EA,272,105.05,2025-01-31
561,30277,1019.0,KG,431,316.06,2024-03-26
562,30277,1011.0,KG,149,172.06,2025-02-20
563,30278,1007.0,LTR,9,143.55,2024-09-18
564,30278,1020.0,LTR,205,119.6,2024-09-17
565,30279,1005.0,LTR,82,308.05,2024-07-15
566,30279,1003.0,EA,138,339.12,2025-12-06
567,30280,1003.0,EA,358,74.6,2025-07-24
568,30280,1015.0,LTR,144,58.65,2025-08-05
569,30280,1006.0,EA,236,240.92,2025-02-07
570,30281,1020.0,LTR,426,240.92,2024-04-30
571,30282,1010.0,EA,57,276.39,2025-07-26
572,30283,1012.0,LTR,172,56.73,2025-12-28
573,30283,1015.0,LTR,209,185.51,2025-08-12
574,30283,1011.0,KG,455,92.34,2024-04-22
575,30284,1017.0,EA,173,335.52,2024-11-14
576,30284,1001.0,KG,63,247.9,2024-09-16
577,30284,1005.0,LTR,380,469.59,2025-05-10
578,30285,,LTR,367,93.21,2025-10-12
579,30286,1019.0,KG,457,478.7,2024-09-11
580,30287,1006.0,EA,485,425.11,2025-06-10
581,30287,1005.0,LTR,395,334.06,2025-09-17
582,30288,1017.0,EA,143,59.68,2025-09-23
583,30289,1017.0,EA,477,327.15,2024-03-14
584,30289,1017.0,EA,381,408.59,2025-02-27
585,30289,1004.0,EA,277,38.19,2024-04-22
586,30290,1015.0,LTR,9,188.59,2024-03-01
587,30290,1002.0,KG,208,386.15,2024-06-08
588,30290,1013.0,LTR,299,253.58,2024-01-22
589,30291,1007.0,LTR,12,261.97,2025-11-20
590,30291,1014.0,EA,112,156.56,2025-02-26
591,30291,1014.0,EA,392,21.84,2024-12-03
592,30292,1007.0,LTR,150,189.91,2025-09-02
593,30292,1020.0,LTR,436,118.11,2025-10-14
594,30293,1015.0,LTR,448,288.83,2025-03-06
595,30293,1019.0,KG,49,474.0,2024-07-30
596,30294,1005.0,LTR,404,276.01,2024-05-24
597,30295,1008.0,KG,257,471.74,2025-05-14
598,30296,1008.0,KG,32,472.51,2025-05-26
599,30297,1019.0,KG,144,160.99,2025-09-08
600,30297,1001.0,KG,481,112.03,2024-01-13
601,30298,1008.0,KG,75,356.32,2024-05-24
602,30299,1002.0,KG,443,499.19,2024-01-23
603,30300,1003.0,EA,83,165.79,2025-08-27
604,30300,1007.0,LTR,440,225.62,2025-06-21
605,30301,1003.0,EA,239,370.98,2025-05-09
606,30301,1010.0,EA,182,5.77,2024-07-22
607,30302,1010.0,EA,212,479.64,2025-12-24
608,30303,1007.0,LTR,421,238.3,2025-03-28
609,30304,1001.0,KG,130,31.54,2025-01-02
610,30305,1009.0,KG,234,432.49,2024-05-26
611,30305,1002.0,KG,285,101.65,2025-10-08
612,30306,1019.0,KG,109,124.15,2024-07-23
613,30306,1014.0,EA,21,314.08,2025-08-05
614,30306,1014.0,EA,161,254.99,2025-02-18
615,30307,1015.0,LTR,485,426.23,2024-04-21
616,30308,1017.0,EA,198,133.02,2024-04-19
617,30309,1017.0,EA,97,473.9,2024-09-21
618,30309,1009.0,KG,118,182.38,2025-05-09
619,30309,1017.0,EA,90,339.16,2024-11-08
620,30310,1007.0,LTR,42,51.71,2025-01-13
621,30310,1013.0,LTR,495,394.68,2024-07-18
622,30310,1013.0,LTR,255,199.65,2024-11-06
623,30311,1004.0,EA,113,279.7,2024-06-04
624,30312,1003.0,EA,167,199.03,2024-05-08
625,30312,1001.0,KG,77,247.57,2025-05-13
626,30313,1016.0,KG,394,337.68,2025-08-24
627,30314,1015.0,LTR,46,97.93,2025-02-25
628,30314,1004.0,EA,382,357.55,2024-04-18
629,30314,1005.0,LTR,468,320.55,2025-03-15
630,30315,1012.0,LTR,312,417.79,2025-04-29
631,30315,1005.0,LTR,450,210.55,2024-11-23
632,30316,1003.0,EA,217,360.21,2025-07-08
633,30317,1003.0,EA,119,414.78,2024-05-16
634,30318,1005.0,LTR,468,265.43,2025-12-14
635,30318,1013.0,LTR,259,37.81,2024-02-09
636,30318,1015.0,LTR,143,277.28,2024-08-22
637,30319,1001.0,KG,233,181.81,2024-03-11
638,30319,1007.0,LTR,160,139.97,2025-08-31
639,30320,1007.0,LTR,384,100.65,2024-09-14
640,30320,1017.0,EA,181,485.1,2024-02-03
641,30321,1011.0,KG,417,204.86,2024-04-25
642,30321,1013.0,LTR,68,124.01,2025-03-26
643,30321,1014.0,EA,365,448.54,2025-07-27
644,30322,1020.0,LTR,379,109.07,2024-01-22
645,30323,1020.0,LTR,132,158.09,2024-11-30
646,30323,1019.0,KG,398,42.67,2025-09-22
647,30324,1017.0,EA,249,207.91,2024-10-15
648,30324,1015.0,LTR,154,36.02,2025-03-24
649,30324,1018.0,KG,384,330.91,2025-05-05
650,30325,1006.0,EA,189,80.44,2024-03-29
651,30326,1015.0,LTR,72,189.13,2025-01-22
652,30327,1014.0,EA,315,49.81,2025-11-12
653,30327,1005.0,LTR,350,411.24,2025-10-23
654,30328,1006.0,EA,454,424.3,2025-12-22
655,30328,1011.0,KG,140,107.91,2024-04-19
656,30329,1016.0,KG,158,489.31,2024-07-22
657,30330,1012.0,LTR,411,223.02,2024-03-04
658,30330,,LTR,64,328.27,2024-12-18
659,30331,1014.0,EA,60,85.75,2024-02-26
660,30332,1009.0,KG,20,463.61,2024-05-25
661,30332,1002.0,KG,238,370.13,2025-09-10
662,30332,1010.0,EA,190,461.94,2024-10-25
663,30333,1014.0,EA,20,193.07,2024-07-10
664,30333,1016.0,KG,238,60.51,2024-07-07
665,30333,1010.0,EA,158,39.18,2025-03-06
666,30334,1008.0,KG,280,119.52,2025-11-06
667,30334,1015.0,LTR,429,96.85,2025-03-31
668,30334,1010.0,EA,459,79.02,2025-12-07
669,30335,1015.0,LTR,445,398.65,2024-08-29
670,30335,1005.0,LTR,111,250.76,2024-08-12
671,30335,1005.0,LTR,416,378.34,2025-02-28
672,30336,1012.0,LTR,244,141.93,2024-07-19
673,30336,1010.0,EA,382,150.14,2025-01-15
674,30337,1016.0,KG,423,74.12,2024-10-07
675,30338,1018.0,KG,269,279.69,2025-07-05
676,30338,1009.0,KG,284,119.33,2025-09-25
677,30338,1020.0,LTR,478,187.6,2024-08-28
678,30339,1019.0,KG,339,293.51,2024-01-24
679,30339,,LTR,207,139.14,2024-06-07
680,30339,1015.0,LTR,308,472.13,2024-01-10
681,30340,1013.0,LTR,170,41.86,2024-06-16
682,30340,1012.0,LTR,235,462.2,2024-01-30
683,30340,1007.0,LTR,409,369.51,2025-04-05
684,30341,1018.0,KG,432,355.71,2025-04-02
685,30341,1005.0,LTR,419,383.67,2025-12-31
686,30342,1015.0,LTR,94,308.07,2024-08-21
687,30342,1002.0,KG,77,328.72,2025-07-31
688,30342,1009.0,KG,336,131.3,2024-12-30
689,30343,1009.0,KG,436,350.54,2025-12-21
690,30343,1004.0,EA,22,375.68,2024-03-22
691,30343,1009.0,KG,500,441.96,2025-04-03
692,30344,1004.0,EA,174,403.49,2025-04-14
693,30344,1005.0,LTR,421,273.58,2024-06-26
694,30345,1008.0,KG,322,5.34,2025-06-11
695,30345,1019.0,KG,499,291.71,2025-03-23
696,30345,1007.0,LTR,367,187.16,2024-03-26
697,30346,1002.0,KG,83,244.38,2025-07-10
698,30347,1011.0,KG,314,253.79,2025-12-06
699,30348,1019.0,KG,22,341.65,2025-04-19
700,30348,1017.0,EA,170,445.37,2024-05-18
701,30348,1002.0,KG,161,72.34,2024-11-13
702,30349,1005.0,LTR,183,148.87,2024-01-29
703,30349,1007.0,LTR,488,151.69,2024-10-08
704,30349,1018.0,KG,426,304.51,2025-10-17
705,30350,1011.0,KG,405,211.34,2024-01-10
706,30350,1008.0,KG,278,329.19,2024-08-21
707,30351,1015.0,LTR,331,117.87,2024-03-31
708,30352,1015.0,LTR,159,59.25,2024-09-04
709,30352,1007.0,LTR,277,435.76,2025-09-15
710,30353,1011.0,KG,298,104.27,2024-02-26
711,30354,1014.0,EA,39,87.01,2025-06-12
712,30354,1004.0,EA,87,204.0,2025-02-09
713,30354,1013.0,LTR,477,288.16,2025-11-23
714,30355,1008.0,KG,270,224.68,2024-11-28
715,30355,1010.0,EA,418,356.28,2024-02-29
716,30355,1016.0,KG,232,120.55,2024-02-10
717,30356,1018.0,KG,47,147.15,2025-01-03
718,30357,1003.0,EA,332,297.74,2025-03-06
719,30358,1002.0,KG,233,455.94,2024-05-26
720,30358,1010.0,EA,202,376.19,2024-02-07
721,30358,1002.0,KG,380,309.82,2024-01-10
722,30359,1007.0,LTR,458,91.85,2025-10-28
723,30359,1010.0,EA,425,355.71,2025-11-20
724,30359,1012.0,LTR,143,7.11,2025-01-22
725,30360,1011.0,KG,496,398.46,2024-07-07
726,30361,1011.0,KG,234,148.35,2024-10-21
727,30361,1001.0,KG,195,212.53,2024-06-28
728,30361,1010.0,EA,404,141.47,2024-05-14
729,30362,1008.0,KG,378,194.6,2025-01-30
730,30363,1018.0,KG,343,266.86,2024-08-17
731,30363,1012.0,LTR,130,378.33,2024-08-26
732,30363,1012.0,LTR,476,479.89,2025-07-30
733,30364,1008.0,KG,377,105.15,2025-11-24
734,30365,1015.0,LTR,321,22.83,2024-10-07
735,30366,1007.0,LTR,209,223.27,2024-01-07
736,30366,1001.0,KG,132,475.55,2025-09-03
737,30367,1009.0,KG,348,282.16,2024-06-11
738,30367,1003.0,EA,121,430.2,2024-10-24
739,30368,1004.0,EA,194,107.8,2025-06-26
740,30368,1009.0,KG,418,256.8,2025-12-03
741,30369,1006.0,EA,215,209.14,2025-02-10
742,30369,1016.0,KG,307,53.66,2024-06-07
743,30370,1013.0,LTR,17,183.77,2024-05-13
744,30371,1008.0,KG,90,201.88,2024-01-02
745,30371,1008.0,KG,346,79.09,2025-08-27
746,30371,1014.0,EA,197,51.43,2024-06-03
747,30372,1001.0,KG,321,450.24,2024-08-08
748,30373,1012.0,LTR,477,179.45,2024-06-11
749,30373,1016.0,KG,408,403.75,2024-11-27
750,30374,1020.0,LTR,455,9.74,2024-09-15
751,30374,1010.0,EA,456,433.05,2024-09-10
752,30374,1017.0,EA,153,119.87,2025-12-26
753,30375,1016.0,KG,60,474.75,2025-07-14
754,30376,1004.0,EA,384,110.12,2025-08-01
755,30376,1012.0,LTR,186,480.21,2024-07-17
756,30376,1016.0,KG,96,118.33,2024-03-11
757,30377,1018.0,KG,147,41.61,2024-08-28
758,30377,1003.0,EA,224,25.98,2025-07-22
759,30377,1004.0,EA,282,105.41,2025-05-03
760,30378,1017.0,EA,228,76.88,2024-07-16
761,30378,1007.0,LTR,26,159.05,2025-05-16
762,30379,1005.0,LTR,133,498.9,2025-07-15
763,30380,1015.0,LTR,182,403.69,2025-02-15
764,30380,1004.0,EA,102,277.6,2025-11-24
765,30381,1018.0,KG,236,344.66,2024-02-24
766,30382,1005.0,LTR,444,342.19,2025-11-09
767,30382,1006.0,EA,146,178.67,2025-05-14
768,30383,1019.0,KG,270,211.36,2024-02-23
769,30384,1018.0,KG,140,128.5,2024-05-21
770,30384,1005.0,LTR,341,230.48,2024-07-30
771,30384,1009.0,KG,300,478.97,2024-02-09
772,30385,1019.0,KG,147,163.44,2025-04-15
773,30386,1004.0,EA,252,178.67,2025-04-30
774,30386,1008.0,KG,495,110.43,2024-08-02
775,30386,1010.0,EA,285,301.89,2024-02-19
776,30387,1016.0,KG,393,376.98,2025-02-05
777,30387,1009.0,KG,376,134.74,2024-06-20
778,30388,1020.0,LTR,39,108.7,2024-08-17
779,30388,1019.0,KG,470,62.05,2025-08-18
780,30389,1015.0,LTR,17,150.23,2024-08-20
781,30389,1018.0,KG,445,453.0,2025-05-05
782,30389,1020.0,LTR,99,407.3,2024-12-20
783,30390,1012.0,LTR,452,260.22,2025-03-14
784,30390,1005.0,LTR,336,373.93,2024-11-29
785,30390,1017.0,EA,271,31.72,2025-07-27
786,30391,1004.0,EA,438,112.45,2025-05-25
787,30392,1003.0,EA,74,68.22,2024-07-21
788,30392,1002.0,KG,138,281.24,2025-01-15
789,30392,1007.0,LTR,330,255.56,2025-12-02
790,30393,1001.0,KG,272,215.1,2025-03-11
791,30393,1020.0,LTR,401,242.4,2024-01-05
792,30394,1003.0,EA,211,459.29,2024-07-12
793,30394,1011.0,KG,38,153.54,2024-06-14
794,30394,1006.0,EA,260,44.05,2024-10-22
795,30395,1010.0,EA,165,385.73,2025-11-18
796,30395,1006.0,EA,273,304.69,2024-11-06
797,30395,1008.0,KG,345,34.94,2025-09-25
798,30396,1014.0,EA,33,441.25,2025-09-15
799,30397,1019.0,KG,382,83.13,2024-01-27
800,30398,1018.0,KG,216,421.69,2025-07-04
801,30398,1007.0,LTR,148,200.54,2025-07-31
802,30399,1001.0,KG,40,251.8,2024-08-16
803,30399,1011.0,KG,95,313.33,2025-10-01
804,30400,1005.0,LTR,287,24.03,2024-01-16
805,30400,1009.0,KG,375,101.24,2024-04-09
806,30400,1017.0,EA,403,377.97,2025-09-25
807,30401,1017.0,EA,2,97.43,2025-03-03
808,30402,1008.0,KG,102,246.56,2025-10-03
809,30402,1012.0,LTR,110,285.28,2025-01-03
810,30402,1005.0,LTR,306,102.03,2024-06-12
811,30403,1015.0,LTR,349,297.88,2024-12-13
812,30404,1015.0,LTR,112,455.01,2025-07-11
813,30405,1012.0,LTR,279,129.71,2025-01-28
814,30405,1003.0,EA,69,415.05,2025-11-06
815,30405,1001.0,KG,301,392.74,2024-05-11
816,30406,1008.0,KG,230,126.36,2025-05-02
817,30406,1015.0,LTR,455,105.63,2024-07-03
818,30407,1004.0,EA,463,197.95,2025-10-27
819,30408,1009.0,KG,140,441.54,2025-02-13
820,30409,1011.0,KG,286,429.79,2024-01-11
821,30410,1006.0,EA,353,434.13,2024-04-22
822,30411,1016.0,KG,38,152.2,2025-10-12
823,30411,1004.0,EA,429,219.43,2025-08-31
824,30411,1017.0,EA,261,405.21,2025-11-10
825,30412,1009.0,KG,247,75.79,2025-04-27
826,30412,1004.0,EA,388,86.16,2024-10-16
827,30412,1005.0,LTR,312,303.93,2024-02-25
828,30413,1007.0,LTR,455,354.01,2025-12-28
829,30413,1010.0,EA,306,151.66,2025-11-14
830,30413,1013.0,LTR,410,174.77,2025-07-09
831,30414,1010.0,EA,6,362.57,2024-11-18
832,30414,1013.0,LTR,394,83.16,2024-08-09
833,30414,1018.0,KG,431,412.36,2024-06-07
834,30415,1010.0,EA,297,361.33,2025-05-16
835,30415,1014.0,EA,197,87.8,2025-01-02
836,30415,1005.0,LTR,332,285.69,2025-01-24
837,30416,1003.0,EA,26,55.18,2025-06-26
838,30416,1010.0,EA,19,206.57,2024-06-15
839,30417,1017.0,EA,108,363.99,2025-06-19
840,30417,1012.0,LTR,497,73.2,2024-10-29
841,30418,1012.0,LTR,264,493.54,2025-12-08
842,30418,1017.0,EA,470,352.98,2025-07-10
843,30418,1015.0,LTR,342,387.67,2024-04-03
844,30419,1007.0,LTR,436,191.9,2024-10-04
845,30419,1020.0,LTR,437,416.79,2025-05-31
846,30420,1006.0,EA,461,198.74,2025-01-17
847,30421,1012.0,LTR,88,340.83,2025-11-17
848,30422,1009.0,KG,266,380.64,2025-01-12
849,30423,1014.0,EA,47,154.88,2025-02-16
850,30423,1002.0,KG,379,28.94,2025-03-04
851,30424,1020.0,LTR,436,98.59,2025-07-13
852,30425,1008.0,KG,279,204.49,2024-12-21
853,30425,1013.0,LTR,217,397.89,2025-04-02
854,30425,1017.0,EA,236,263.75,2025-11-23
855,30426,1013.0,LTR,437,207.05,2024-01-15
856,30427,1004.0,EA,153,73.58,2025-06-01
857,30427,1017.0,EA,445,144.72,2025-06-15
858,30428,1001.0,KG,454,130.45,2024-11-17
859,30428,1016.0,KG,155,416.19,2024-10-06
860,30428,1015.0,LTR,199,69.85,2024-04-09
861,30429,1006.0,EA,418,445.63,2025-11-06
862,30429,1011.0,KG,444,92.82,2024-10-02
863,30430,1009.0,KG,450,271.25,2024-06-15
864,30431,1003.0,EA,287,224.05,2024-08-22
865,30431,1007.0,LTR,67,160.88,2024-09-27
866,30432,1019.0,KG,252,354.06,2024-10-19
867,30432,1008.0,KG,260,393.65,2024-07-04
868,30432,1004.0,EA,341,49.4,2024-01-05
869,30433,1017.0,EA,374,209.28,2024-01-08
870,30433,1017.0,EA,339,191.96,2025-04-24
871,30433,1014.0,EA,254,53.67,2025-04-09
872,30434,1007.0,LTR,98,177.91,2024-06-14
873,30434,1018.0,KG,373,96.69,2025-12-13
874,30434,1007.0,LTR,89,487.05,2025-10-12
875,30435,1005.0,LTR,257,498.22,2025-10-03
876,30436,1005.0,LTR,188,198.58,2025-06-11
877,30437,1020.0,LTR,295,446.69,2024-05-17
878,30438,1019.0,KG,68,255.45,2024-01-07
879,30439,1018.0,KG,478,333.76,2024-05-04
880,30439,1002.0,KG,23,55.27,2025-07-25
881,30440,1014.0,EA,127,78.61,2025-04-30
882,30440,1010.0,EA,142,481.77,2025-11-18
883,30440,1014.0,EA,374,5.75,2024-04-12
884,30441,1001.0,KG,242,341.07,2025-07-24
885,30441,1020.0,LTR,352,296.99,2024-02-10
886,30442,1006.0,EA,97,392.74,2025-09-17
887,30442,1013.0,LTR,477,263.69,2025-06-25
888,30442,1002.0,KG,308,63.0,2025-07-06
889,30443,1020.0,LTR,278,70.52,2024-06-23
890,30444,1017.0,EA,297,118.06,2025-05-14
891,30444,1015.0,LTR,308,437.2,2025-02-17
892,30444,1017.0,EA,245,382.61,2024-02-19
893,30445,1018.0,KG,382,115.69,2024-08-29
894,30446,1010.0,EA,380,145.85,2024-01-05
895,30446,1017.0,EA,492,454.29,2025-11-23
896,30446,1006.0,EA,198,334.6,2024-02-29
897,30447,1013.0,LTR,441,22.87,2024-03-06
898,30447,1008.0,KG,225,239.29,2025-07-24
899,30447,1003.0,EA,11,349.23,2024-10-28
900,30448,1011.0,KG,123,58.82,2025-05-13
901,30449,1020.0,LTR,34,167.54,2024-08-01
902,30450,1002.0,KG,265,309.2,2024-08-29
903,30451,1006.0,EA,205,405.01,2025-02-04
904,30451,1018.0,KG,288,160.71,2025-06-23
905,30451,1015.0,LTR,180,368.13,2024-09-13
906,30452,1019.0,KG,9,77.3,2025-04-15
907,30453,1019.0,KG,290,378.02,2025-05-31
908,30454,1004.0,EA,37,125.48,2025-11-30
909,30455,1012.0,LTR,182,19.47,2024-09-27
910,30455,1001.0,KG,229,61.84,2025-09-13
911,30455,1004.0,EA,172,409.71,2025-11-21
912,30456,1006.0,EA,81,103.4,2024-09-28
913,30457,1004.0,EA,50,226.98,2025-07-03
914,30457,1019.0,KG,488,473.92,2024-10-31
915,30457,1018.0,KG,75,125.96,2024-07-06
916,30458,1011.0,KG,177,461.11,2024-06-13
917,30459,1007.0,LTR,186,328.39,2024-04-08
918,30459,1016.0,KG,261,234.85,2025-06-20
919,30459,1010.0,EA,251,193.0,2025-08-18
920,30460,1017.0,EA,55,64.49,2024-09-30
921,30460,1015.0,LTR,6,118.33,2025-02-15
922,30461,1019.0,KG,246,463.67,2025-11-29
923,30462,1010.0,EA,339,388.03,2024-06-11
924,30462,1013.0,LTR,306,361.58,2024-04-21
925,30462,1013.0,LTR,41,196.45,2024-04-22
926,30463,1001.0,KG,418,320.37,2024-10-31
927,30463,1012.0,LTR,271,35.71,2024-05-19
928,30463,1007.0,LTR,372,444.78,2025-09-22
929,30464,1019.0,KG,135,345.97,2025-10-10
930,30464,1016.0,KG,134,476.74,2025-07-27
931,30465,1002.0,KG,73,418.66,2025-03-16
932,30465,1018.0,KG,205,26.53,2024-05-15
933,30466,1005.0,LTR,215,398.76,2024-04-29
934,30467,1008.0,KG,193,120.06,2024-08-16
935,30467,1009.0,KG,374,163.09,2024-06-17
936,30467,1014.0,EA,356,138.9,2025-04-20
937,30468,1011.0,KG,361,22.07,2025-12-07
938,30468,1019.0,KG,394,229.82,2024-08-29
939,30469,1015.0,LTR,220,430.78,2025-07-24
940,30470,1019.0,KG,187,320.31,2025-03-12
941,30470,1014.0,EA,500,217.06,2025-07-15
942,30471,,LTR,323,171.35,2024-09-18
943,30472,1006.0,EA,289,28.77,2024-05-22
944,30472,1008.0,KG,191,19.9,2025-10-02
945,30473,1015.0,LTR,487,449.94,2024-11-14
946,30473,1001.0,KG,489,196.45,2025-02-23
947,30474,1019.0,KG,168,465.6,2024-11-11
948,30474,1002.0,KG,389,14.92,2024-01-27
949,30474,1020.0,LTR,59,16.51,2025-11-22
950,30475,1010.0,EA,467,315.09,2024-04-20
951,30475,1007.0,LTR,115,218.3,2024-05-14
952,30476,1010.0,EA,456,279.66,2025-12-03
953,30476,1012.0,LTR,166,289.81,2024-10-05
954,30476,1016.0,KG,284,77.87,2025-10-13
955,30477,1012.0,LTR,172,40.32,2024-10-07
956,30477,1005.0,LTR,96,419.44,2024-12-07
957,30477,1015.0,LTR,322,320.31,2024-01-12
958,30478,1019.0,KG,335,115.81,2025-05-08
959,30478,1019.0,KG,458,23.98,2024-03-16
960,30478,1019.0,KG,248,435.98,2024-12-10
961,30479,1010.0,EA,85,97.9,2025-04-17
962,30480,1015.0,LTR,275,68.4,2025-11-21
963,30480,1005.0,LTR,222,496.26,2025-08-07
964,30481,1017.0,EA,91,129.44,2025-06-06
965,30482,1015.0,LTR,108,26.17,2024-02-12
966,30483,1004.0,EA,467,158.39,2024-05-25
967,30483,1008.0,KG,464,398.35,2025-06-05
968,30484,1015.0,LTR,297,258.92,2025-02-21
969,30485,1016.0,KG,98,435.18,2025-06-28
970,30485,1014.0,EA,286,302.47,2025-07-03
971,30486,1006.0,EA,98,418.33,2024-12-02
972,30486,1010.0,EA,241,409.91,2024-11-22
973,30487,1013.0,LTR,22,7.57,2025-04-15
974,30488,1016.0,KG,115,310.51,2024-09-29
975,30488,1003.0,EA,64,386.86,2024-03-25
976,30489,1001.0,KG,120,97.97,2024-12-21
977,30490,1006.0,EA,183,398.68,2025-08-21
978,30490,1014.0,EA,157,117.14,2025-01-28
979,30490,1008.0,KG,375,163.87,2024-04-15
980,30491,1015.0,LTR,466,466.72,2025-07-30
981,30491,1003.0,EA,9,317.23,2025-12-07
982,30491,1012.0,LTR,361,354.55,2024-02-28
983,30492,1003.0,EA,158,233.4,2025-07-27
984,30493,1009.0,KG,216,449.92,2024-03-24
985,30493,1019.0,KG,321,201.43,2025-11-21
986,30494,1011.0,KG,460,58.95,2024-03-05
987,30494,1010.0,EA,333,113.37,2025-12-03
988,30495,1013.0,LTR,90,357.61,2025-01-25
989,30495,1008.0,KG,414,103.87,2024-08-10
990,30496,1018.0,KG,365,224.19,2025-01-23
991,30497,1013.0,LTR,150,45.16,2024-09-21
992,30497,1010.0,EA,420,188.4,2025-11-20
993,30497,1012.0,LTR,114,494.72,2024-05-02
994,30498,1006.0,EA,263,393.57,2024-11-10
995,30499,1016.0,KG,18,499.29,2024-06-07
996,30500,1009.0,KG,334,101.85,2025-08-17
997,30501,1013.0,LTR,32,108.51,2025-12-05
998,30502,1012.0,LTR,33,93.38,2024-11-30
999,30502,1001.0,KG,410,303.13,2025-01-08
1000,30502,1007.0,LTR,349,188.33,2025-09-30
1001,30503,1010.0,EA,436,229.61,2024-06-01
1002,30503,1002.0,KG,324,348.79,2024-05-22
1003,30503,1006.0,EA,362,230.46,2024-11-05
1004,30504,1017.0,EA,276,414.3,2024-07-09
1005,30505,1007.0,LTR,161,283.83,2024-04-02
1006,30505,1020.0,LTR,414,189.13,2025-06-29
1007,30506,1013.0,LTR,497,257.51,2025-05-26
1008,30507,1010.0,EA,370,317.12,2025-09-07
1009,30507,1017.0,EA,332,282.2,2025-12-10
1010,30507,1011.0,KG,51,212.11,2025-10-26
1011,30508,1009.0,KG,63,147.42,2025-05-13
1012,30508,1003.0,EA,108,499.59,2025-07-22
1013,30508,1017.0,EA,367,136.75,2025-08-16
1014,30509,1009.0,KG,83,5.86,2025-10-21
1015,30509,1011.0,KG,467,366.86,2025-09-27
1016,30510,1018.0,KG,215,481.86,2025-08-09
1017,30510,1005.0,LTR,51,88.75,2024-01-29
1018,30511,1017.0,EA,41,107.95,2025-11-15
1019,30511,1009.0,KG,389,39.07,2024-12-26
1020,30512,1010.0,EA,367,178.98,2024-05-16
1021,30512,1012.0,LTR,456,443.12,2025-06-02
1022,30513,1010.0,EA,77,158.0,2025-12-18
1023,30513,1004.0,EA,216,369.78,2025-03-06
1024,30513,1003.0,EA,411,311.58,2024-06-21
1025,30514,1007.0,LTR,45,144.16,2024-10-27
1026,30515,1018.0,KG,234,307.66,2024-08-07
1027,30515,1003.0,EA,236,127.07,2025-12-03
1028,30516,1016.0,KG,300,412.73,2025-04-09
1029,30516,1014.0,EA,281,69.29,2025-11-29
1030,30516,1014.0,EA,187,421.54,2024-02-01
1031,30517,1003.0,EA,440,466.16,2024-12-13
1032,30517,1011.0,KG,347,477.06,2024-02-19
1033,30518,1018.0,KG,76,437.89,2025-02-17
1034,30518,1004.0,EA,175,265.96,2024-04-06
1035,30518,1020.0,LTR,436,350.49,2024-02-16
1036,30519,1020.0,LTR,449,79.16,2025-12-18
1037,30519,1015.0,LTR,343,381.42,2024-05-21
1038,30519,1006.0,EA,301,46.96,2024-04-08
1039,30520,1013.0,LTR,492,307.14,2025-08-13
1040,30521,1008.0,KG,26,418.73,2025-10-26
1041,30521,1004.0,EA,72,271.13,2025-04-12
1042,30521,1014.0,EA,97,243.6,2024-08-02
1043,30522,1002.0,KG,186,420.78,2024-02-09
1044,30522,1006.0,EA,181,339.63,2024-08-04
1045,30522,1015.0,LTR,312,195.07,2025-12-09
1046,30523,1019.0,KG,376,322.85,2025-03-08
1047,30523,1002.0,KG,157,269.95,2025-02-07
1048,30524,1009.0,KG,235,312.22,2024-01-06
1049,30524,1014.0,EA,382,270.29,2025-03-08
1050,30524,1006.0,EA,141,266.1,2025-01-06
1051,30525,1001.0,KG,474,403.39,2025-02-11
1052,30525,1007.0,LTR,460,137.47,2024-03-24
1053,30525,1013.0,LTR,485,69.97,2025-04-19
1054,30526,1011.0,KG,11,116.09,2025-05-07
1055,30526,1011.0,KG,418,411.6,2024-04-16
1056,30526,1020.0,LTR,350,244.82,2025-05-24
1057,30527,1005.0,LTR,61,119.78,2025-10-05
1058,30527,1003.0,EA,488,453.0,2025-11-08
1059,30527,1001.0,KG,159,163.66,2025-07-05
1060,30528,1003.0,EA,76,422.8,2025-06-21
1061,30529,1001.0,KG,475,167.92,2024-02-02
1062,30529,1012.0,LTR,342,64.4,2024-02-26
1063,30530,1001.0,KG,304,228.25,2024-06-07
1064,30530,1005.0,LTR,149,373.87,2025-05-13
1065,30530,1006.0,EA,271,405.11,2025-06-15
1066,30531,1020.0,LTR,399,364.96,2024-03-08
1067,30532,1001.0,KG,485,328.42,2025-09-27
1068,30533,1012.0,LTR,341,369.12,2025-03-25
1069,30533,1011.0,KG,138,25.92,2025-07-05
1070,30533,1013.0,LTR,150,245.74,2025-05-22
1071,30534,1009.0,KG,279,138.74,2025-06-27
1072,30534,1015.0,LTR,319,15.19,2025-12-27
1073,30535,1011.0,KG,213,332.58,2024-09-28
1074,30535,1009.0,KG,293,290.33,2024-01-13
1075,30535,1008.0,KG,219,97.69,2025-12-25
1076,30536,1004.0,EA,400,28.59,2024-04-01
1077,30537,1004.0,EA,89,195.03,2025-01-27
1078,30537,1015.0,LTR,363,212.33,2024-05-09
1079,30538,1018.0,KG,99,28.3,2025-11-13
1080,30539,1009.0,KG,93,290.35,2025-07-03
1081,30539,1007.0,LTR,491,253.75,2024-06-09
1082,30540,1001.0,KG,326,49.99,2024-07-07
1083,30541,1011.0,KG,286,473.38,2024-11-18
1084,30541,1007.0,LTR,258,99.57,2025-01-04
1085,30542,1013.0,LTR,384,411.41,2025-12-28
1086,30542,1019.0,KG,444,87.34,2024-03-02
1087,30542,1006.0,EA,202,394.37,2025-06-28
1088,30543,1018.0,KG,292,406.18,2025-09-15
1089,30544,1014.0,EA,205,82.99,2024-03-16
1090,30544,1014.0,EA,388,61.41,2025-10-10
1091,30545,1017.0,EA,331,493.8,2024-04-14
1092,30546,1013.0,LTR,362,333.76,2024-07-02
1093,30547,1009.0,KG,99,31.08,2025-10-02
1094,30548,1006.0,EA,180,34.23,2025-12-21
1095,30548,1017.0,EA,188,47.63,2024-09-13
1096,30549,1017.0,EA,450,170.5,2025-09-09
1097,30549,1014.0,EA,203,194.43,2024-08-19
1098,30549,1008.0,KG,54,66.56,2025-06-08
1099,30550,1001.0,KG,204,6.2,2024-05-14
1100,30550,1016.0,KG,345,212.55,2025-02-21
1101,30550,1007.0,LTR,36,88.23,2024-06-26
1102,30551,1009.0,KG,7,20.71,2025-07-20
1103,30552,1016.0,KG,332,416.93,2024-11-01
1104,30552,1018.0,KG,202,373.83,2025-07-08
1105,30553,1018.0,KG,25,169.88,2024-08-08
1106,30553,1005.0,LTR,393,348.61,2024-11-03
1107,30554,1009.0,KG,234,58.97,2025-09-30
1108,30554,1012.0,LTR,231,307.35,2024-10-12
1109,30555,1015.0,LTR,24,217.33,2024-03-14
1110,30556,1019.0,KG,335,150.05,2024-02-01
1111,30556,1004.0,EA,447,156.83,2025-07-13
1112,30557,1004.0,EA,7,492.81,2024-05-31
1113,30557,1016.0,KG,11,33.1,2025-12-06
1114,30558,1003.0,EA,148,46.74,2024-07-30
1115,30558,1010.0,EA,198,29.36,2024-01-20
1116,30558,1013.0,LTR,123,49.79,2025-12-17
1117,30559,1007.0,LTR,449,257.81,2024-01-14
1118,30560,1020.0,LTR,110,168.29,2025-10-12
1119,30560,1002.0,KG,112,185.72,2024-04-13
1120,30561,1018.0,KG,57,379.15,2024-12-07
1121,30561,1008.0,KG,339,499.67,2025-05-19
1122,30562,1019.0,KG,464,267.63,2024-05-16
1123,30562,1015.0,LTR,289,59.03,2025-01-21
1124,30562,1006.0,EA,281,225.59,2025-03-14
1125,30563,1014.0,EA,333,148.21,2025-06-18
1126,30564,1001.0,KG,313,244.21,2025-04-30
1127,30564,1007.0,LTR,291,300.65,2025-09-18
1128,30565,1014.0,EA,69,440.27,2025-11-05
1129,30565,1019.0,KG,192,248.2,2025-02-24
1130,30565,1018.0,KG,356,462.62,2024-04-20
1131,30566,1004.0,EA,428,218.09,2024-06-16
1132,30567,1019.0,KG,103,320.84,2025-12-23
1133,30567,1003.0,EA,90,282.15,2025-03-04
1134,30567,1012.0,LTR,443,461.71,2024-09-30
1135,30568,1016.0,KG,404,472.62,2025-11-20
1136,30569,1012.0,LTR,451,113.68,2025-03-30
1137,30569,1014.0,EA,477,185.04,2024-12-07
1138,30569,1013.0,LTR,17,99.61,2024-03-24
1139,30570,1008.0,KG,107,419.39,2025-09-13
1140,30570,1015.0,LTR,14,192.29,2024-12-01
1141,30571,1011.0,KG,435,461.03,2024-08-21
1142,30571,1009.0,KG,23,83.98,2025-09-04
1143,30571,1012.0,LTR,472,402.52,2024-03-11
1144,30572,1015.0,LTR,360,363.3,2024-10-24
1145,30573,1005.0,LTR,426,115.31,2025-01-08
1146,30573,1007.0,LTR,303,483.1,2025-02-25
1147,30573,1004.0,EA,182,405.79,2024-07-11
1148,30574,1019.0,KG,42,79.14,2025-01-03
1149,30575,1005.0,LTR,94,30.68,2024-05-28
1150,30575,1015.0,LTR,332,414.62,2024-08-08
1151,30576,1003.0,EA,32,481.84,2025-07-04
1152,30577,1003.0,EA,158,219.5,2025-05-16
1153,30578,1013.0,LTR,86,142.7,2024-08-20
1154,30578,1002.0,KG,474,390.49,2025-11-22
1155,30579,1020.0,LTR,446,111.62,2025-03-29
1156,30579,1005.0,LTR,365,71.41,2024-03-25
1157,30580,1019.0,KG,481,457.65,2025-02-18
1158,30581,1020.0,LTR,12,123.02,2024-02-26
1159,30581,1001.0,KG,153,78.79,2024-04-12
1160,30581,1016.0,KG,320,331.49,2024-01-22
1161,30582,1002.0,KG,380,430.38,2024-02-07
1162,30583,1012.0,LTR,44,55.9,2024-07-02
1163,30584,1016.0,KG,401,457.26,2024-06-29
1164,30584,1011.0,KG,110,358.6,2025-10-04
1165,30585,1019.0,KG,116,353.53,2024-03-21
1166,30586,1011.0,KG,409,96.12,2024-06-27
1167,30586,1015.0,LTR,183,259.8,2024-01-21
1168,30586,1002.0,KG,216,195.34,2025-08-04
1169,30587,1012.0,LTR,244,367.41,2025-10-08
1170,30587,1015.0,LTR,130,408.87,2025-11-24
1171,30587,1017.0,EA,413,419.1,2025-02-07
1172,30588,1017.0,EA,412,419.89,2024-11-29
1173,30588,1012.0,LTR,216,55.49,2024-02-15
1174,30589,1006.0,EA,465,489.78,2025-04-20
1175,30589,1002.0,KG,144,205.5,2024-06-04
1176,30589,1001.0,KG,139,82.06,2024-09-29
1177,30590,1003.0,EA,424,333.72,2024-12-17
1178,30590,1014.0,EA,462,199.47,2025-01-15
1179,30590,1018.0,KG,66,21.38,2025-11-30
1180,30591,1003.0,EA,63,297.18,2024-07-11
1181,30592,1002.0,KG,353,492.0,2024-04-26
1182,30593,1001.0,KG,122,476.98,2024-02-19
1183,30593,1007.0,LTR,463,87.49,2025-06-27
1184,30594,1008.0,KG,429,395.42,2024-11-25
1185,30595,1005.0,LTR,388,17.7,2025-08-21
1186,30595,1013.0,LTR,470,239.0,2025-03-14
1187,30596,1009.0,KG,83,156.56,2025-12-03
1188,30596,1016.0,KG,59,107.06,2025-07-13
1189,30597,1012.0,LTR,55,75.12,2024-06-22
1190,30597,1012.0,LTR,25,440.05,2025-07-14
1191,30597,1002.0,KG,356,320.78,2025-09-27
1192,30598,1016.0,KG,249,336.85,2024-10-15
1193,30598,1018.0,KG,110,191.74,2025-02-21
1194,30599,1001.0,KG,186,126.19,2025-08-27
1195,30599,1008.0,KG,341,12.96,2025-07-03
1196,30599,1008.0,KG,233,337.92,2024-11-11
1197,30600,1014.0,EA,387,445.09,2024-04-22
1198,30601,1003.0,EA,378,298.39,2024-09-08
1199,30601,1015.0,LTR,268,375.84,2025-09-04
1200,30602,1014.0,EA,1,54.3,2025-12-06
1201,30603,1006.0,EA,19,443.16,2025-12-05
1202,30603,1007.0,LTR,200,391.78,2024-08-17
1203,30604,1001.0,KG,108,56.1,2024-08-23
1204,30604,1020.0,LTR,9,92.14,2025-07-04
1205,30604,1004.0,EA,32,193.64,2024-09-23
1206,30605,1003.0,EA,370,491.77,2024-02-07
1207,30606,1015.0,LTR,499,316.86,2024-07-24
1208,30606,1011.0,KG,181,169.88,2024-05-31
1209,30606,1006.0,EA,459,359.78,2025-12-17
1210,30607,1001.0,KG,348,62.44,2024-09-12
1211,30607,1011.0,KG,335,118.85,2025-10-13
1212,30608,1008.0,KG,61,399.3,2024-02-16
1213,30608,1009.0,KG,2,438.6,2024-09-27
1214,30609,1004.0,EA,156,157.5,2024-07-25
1215,30610,1017.0,EA,106,487.59,2025-11-30
1216,30611,1007.0,LTR,343,171.18,2025-05-19
1217,30611,1004.0,EA,460,114.65,2024-01-01
1218,30611,1016.0,KG,391,354.37,2024-11-03
1219,30612,1006.0,EA,155,66.81,2024-02-15
1220,30613,1004.0,EA,331,18.24,2025-09-23
1221,30614,1001.0,KG,9,97.64,2024-11-04
1222,30614,1007.0,LTR,135,499.85,2024-03-31
1223,30614,1015.0,LTR,440,497.02,2025-09-04
1224,30615,1010.0,EA,396,108.65,2025-08-20
1225,30616,1003.0,EA,443,385.18,2025-03-20
1226,30616,1020.0,LTR,200,7.84,2025-03-09
1227,30617,1016.0,KG,17,427.62,2025-07-04
1228,30617,1019.0,KG,100,494.39,2025-11-24
1229,30618,1004.0,EA,51,145.72,2024-07-09
1230,30618,1007.0,LTR,286,312.81,2024-11-21
1231,30618,1002.0,KG,94,147.32,2025-10-18
1232,30619,1006.0,EA,90,160.98,2025-01-22
1233,30620,1015.0,LTR,179,152.01,2025-11-06
1234,30620,1008.0,KG,284,341.13,2024-11-07
1235,30620,1006.0,EA,423,17.29,2024-03-20
1236,30621,1020.0,LTR,214,133.0,2025-11-22
1237,30621,1007.0,LTR,96,121.81,2024-12-30
1238,30622,1007.0,LTR,58,388.16,2025-11-27
1239,30622,1018.0,KG,13,477.57,2025-11-05
1240,30622,1018.0,KG,483,231.43,2025-01-06
1241,30623,1014.0,EA,264,388.96,2025-02-08
1242,30623,1003.0,EA,371,225.58,2025-12-19
1243,30624,1014.0,EA,390,285.05,2025-11-10
1244,30624,1009.0,KG,311,16.32,2025-10-26
1245,30625,1001.0,KG,270,239.13,2024-10-13
1246,30625,1014.0,EA,46,31.1,2024-10-25
1247,30626,1003.0,EA,28,63.15,2024-07-01
1248,30627,1018.0,KG,400,12.13,2025-12-23
1249,30628,1016.0,KG,496,470.05,2025-07-24
1250,30628,1017.0,EA,8,306.53,2025-06-21
1251,30628,1002.0,KG,61,367.08,2025-09-04
1252,30629,1002.0,KG,359,136.96,2025-05-03
1253,30629,1014.0,EA,332,235.64,2024-07-01
1254,30630,1015.0,LTR,62,117.79,2025-12-23
1255,30631,1016.0,KG,19,107.55,2025-06-01
1256,30631,1004.0,EA,303,363.46,2024-01-28
1257,30631,1013.0,LTR,90,490.59,2025-11-27
1258,30632,1010.0,EA,439,40.14,2024-04-28
1259,30632,1018.0,KG,245,98.91,2025-09-26
1260,30632,1009.0,KG,234,362.72,2025-02-23
1261,30633,1004.0,EA,71,272.41,2025-04-29
1262,30633,1017.0,EA,88,441.68,2024-05-22
1263,30633,1016.0,KG,413,429.56,2025-07-18
1264,30634,1007.0,LTR,226,256.98,2024-01-21
1265,30634,1014.0,EA,431,143.89,2024-08-04
1266,30635,1016.0,KG,206,94.42,2024-01-05
1267,30636,1009.0,KG,445,374.21,2024-12-30
1268,30636,1015.0,LTR,190,32.71,2024-12-29
1269,30636,1014.0,EA,330,13.57,2025-08-20
1270,30637,1015.0,LTR,233,353.09,2025-06-06
1271,30638,1015.0,LTR,100,100.67,2025-10-01
1272,30638,1017.0,EA,449,98.18,2025-04-06
1273,30638,1014.0,EA,472,72.75,2025-01-05
1274,30639,1017.0,EA,206,208.17,2025-10-06
1275,30640,1005.0,LTR,58,199.82,2025-08-31
1276,30640,1015.0,LTR,420,260.5,2025-05-15
1277,30640,1014.0,EA,140,417.77,2024-11-06
1278,30641,1019.0,KG,288,206.15,2024-06-08
1279,30641,1007.0,LTR,321,366.61,2024-03-03
1280,30642,1002.0,KG,363,284.93,2024-06-20
1281,30642,1017.0,EA,338,472.08,2024-11-30
1282,30643,1016.0,KG,323,35.4,2025-11-29
1283,30643,1011.0,KG,356,380.45,2025-11-03
1284,30644,1015.0,LTR,85,116.24,2024-04-17
1285,30645,1020.0,LTR,309,314.74,2024-02-06
1286,30646,1004.0,EA,174,32.41,2025-07-08
1287,30646,1006.0,EA,463,290.3,2024-02-10
1288,30647,1005.0,LTR,426,242.61,2025-09-17
1289,30647,1018.0,KG,422,401.74,2025-02-12
1290,30647,1010.0,EA,323,317.11,2025-03-08
1291,30648,1007.0,LTR,435,164.81,2024-08-01
1292,30648,1020.0,LTR,348,393.69,2024-12-09
1293,30648,1009.0,KG,379,75.68,2024-12-10
1294,30649,1019.0,KG,66,410.37,2025-09-22
1295,30650,1010.0,EA,177,462.53,2025-12-27
1296,30651,1011.0,KG,187,324.82,2024-01-23
1297,30652,1004.0,EA,199,284.33,2025-11-14
1298,30653,1014.0,EA,296,314.12,2025-07-15
1299,30654,1002.0,KG,367,440.99,2024-11-22
1300,30655,1020.0,LTR,273,418.9,2025-10-28
1301,30655,1017.0,EA,165,122.6,2024-07-05
1302,30655,1013.0,LTR,312,259.16,2025-08-28
1303,30656,1016.0,KG,158,381.31,2024-01-31
1304,30656,1016.0,KG,209,90.91,2025-12-05
1305,30656,1020.0,LTR,211,199.84,2025-08-25
1306,30657,1020.0,LTR,192,217.94,2025-12-04
1307,30658,1013.0,LTR,75,197.98,2024-12-10
1308,30659,1004.0,EA,173,69.27,2025-02-15
1309,30659,1015.0,LTR,227,381.24,2024-08-19
1310,30660,1004.0,EA,299,419.21,2024-04-07
1311,30660,1009.0,KG,231,476.19,2024-08-19
1312,30660,1009.0,KG,372,356.3,2024-02-16
1313,30661,1014.0,EA,269,418.13,2025-01-21
1314,30661,1004.0,EA,341,71.44,2025-04-17
1315,30661,1017.0,EA,210,325.5,2025-06-23
1316,30662,1012.0,LTR,156,302.22,2024-10-22
1317,30662,1010.0,EA,388,154.94,2024-08-17
1318,30663,1016.0,KG,154,147.4,2024-07-12
1319,30663,1010.0,EA,120,97.34,2025-11-02
1320,30663,1019.0,KG,293,128.43,2025-06-12
1321,30664,1012.0,LTR,285,325.76,2024-11-26
1322,30664,1019.0,KG,17,149.32,2024-11-23
1323,30665,1011.0,KG,406,131.1,2024-03-26
1324,30666,1011.0,KG,40,59.63,2024-02-10
1325,30667,1004.0,EA,66,272.75,2024-07-24
1326,30667,1010.0,EA,77,291.95,2024-06-13
1327,30668,1018.0,KG,153,482.59,2025-04-17
1328,30669,1008.0,KG,411,107.76,2025-10-12
1329,30669,1009.0,KG,384,93.72,2024-01-23
1330,30670,1002.0,KG,491,128.22,2025-12-23
1331,30670,1009.0,KG,8,65.13,2025-05-24
1332,30670,1014.0,EA,399,286.39,2024-11-15
1333,30671,1020.0,LTR,39,485.37,2025-03-18
1334,30671,1008.0,KG,458,216.48,2024-09-25
1335,30672,1008.0,KG,59,448.72,2024-12-13
1336,30672,1006.0,EA,30,274.51,2024-11-01
1337,30673,1002.0,KG,411,183.86,2025-07-27
1338,30673,1007.0,LTR,9,367.52,2024-11-20
1339,30674,1019.0,KG,215,272.92,2025-03-25
1340,30674,1010.0,EA,434,44.84,2024-04-19
1341,30675,1005.0,LTR,401,112.91,2024-11-09
1342,30676,1020.0,LTR,47,345.78,2025-06-21
1343,30676,1013.0,LTR,128,364.08,2024-02-23
1344,30676,1015.0,LTR,127,347.7,2025-01-21
1345,30677,1019.0,KG,253,268.79,2024-05-26
1346,30677,1012.0,LTR,315,443.6,2025-09-06
1347,30678,1018.0,KG,322,486.4,2025-07-03
1348,30679,1018.0,KG,228,113.25,2025-08-18
1349,30680,1001.0,KG,88,63.98,2024-07-10
1350,30681,1010.0,EA,350,384.48,2024-08-12
1351,30681,1016.0,KG,263,112.87,2024-05-14
1352,30681,1005.0,LTR,265,468.13,2025-03-23
1353,30682,1020.0,LTR,26,42.46,2025-07-06
1354,30682,1009.0,KG,112,214.44,2024-06-27
1355,30683,1019.0,KG,24,270.12,2024-04-08
1356,30684,1020.0,LTR,475,103.07,2025-04-03
1357,30684,1019.0,KG,222,370.11,2025-05-07
1358,30684,1014.0,EA,294,488.28,2024-03-09
1359,30685,1004.0,EA,37,362.64,2025-03-24
1360,30686,1006.0,EA,447,265.72,2024-07-20
1361,30686,1002.0,KG,478,178.97,2025-09-20
1362,30686,1006.0,EA,204,32.9,2024-03-05
1363,30687,1015.0,LTR,408,470.17,2025-09-22
1364,30687,1020.0,LTR,89,406.44,2025-10-12
1365,30687,1013.0,LTR,139,462.0,2025-09-23
1366,30688,1020.0,LTR,480,83.81,2025-04-16
1367,30689,1005.0,LTR,191,338.6,2025-10-31
1368,30690,1017.0,EA,179,95.57,2024-06-26
1369,30691,1013.0,LTR,294,70.89,2025-07-16
1370,30692,1020.0,LTR,309,84.99,2024-02-13
1371,30693,1008.0,KG,132,197.19,2024-02-29
1372,30694,1020.0,LTR,296,263.48,2024-11-12
1373,30694,1001.0,KG,359,311.77,2024-07-29
1374,30694,1014.0,EA,88,276.42,2025-09-27
1375,30695,1013.0,LTR,137,351.22,2025-10-01
1376,30695,1020.0,LTR,240,274.61,2024-02-01
1377,30695,1004.0,EA,194,366.3,2025-07-26
1378,30696,1016.0,KG,117,329.0,2024-06-13
1379,30696,1015.0,LTR,403,445.72,2024-05-10
1380,30697,1019.0,KG,15,147.86,2025-01-06
1381,30697,1014.0,EA,6,359.75,2025-06-01
1382,30698,1004.0,EA,449,433.53,2025-08-22
1383,30698,1007.0,LTR,484,250.93,2025-09-09
1384,30699,1011.0,KG,273,132.23,2025-09-09
1385,30699,1017.0,EA,259,401.46,2024-06-02
1386,30700,1007.0,LTR,225,63.45,2024-01-26
1387,30700,1018.0,KG,444,307.01,2025-03-11
1388,30700,1016.0,KG,256,183.17,2025-06-24
1389,30701,1003.0,EA,386,152.57,2024-07-31
1390,30701,1006.0,EA,210,274.42,2025-10-17
1391,30702,1002.0,KG,10,346.77,2024-04-28
1392,30703,1019.0,KG,83,174.7,2024-11-17
1393,30703,1020.0,LTR,223,383.83,2025-02-08
1394,30704,1008.0,KG,288,150.27,2024-05-25
1395,30705,1020.0,LTR,92,293.72,2024-04-10
1396,30706,1009.0,KG,287,137.08,2024-07-14
1397,30707,1007.0,LTR,256,342.56,2024-11-25
1398,30707,1016.0,KG,240,319.22,2025-10-18
1399,30708,1011.0,KG,294,323.09,2024-11-11
1400,30708,1015.0,LTR,246,467.41,2024-07-12
1401,30708,1020.0,LTR,344,387.69,2025-04-15
1402,30709,1019.0,KG,331,284.64,2024-08-24
1403,30709,1019.0,KG,207,197.78,2024-11-18
1404,30710,1017.0,EA,171,391.8,2024-03-02
1405,30711,1005.0,LTR,21,317.4,2024-10-19
1406,30711,1003.0,EA,462,474.33,2024-04-17
1407,30711,1008.0,KG,18,305.06,2024-03-08
1408,30712,1008.0,KG,428,241.85,2024-06-30
1409,30712,1012.0,LTR,138,132.43,2025-05-17
1410,30712,1012.0,LTR,425,485.74,2024-02-01
1411,30713,1007.0,LTR,303,391.96,2024-04-26
1412,30713,1012.0,LTR,454,186.87,2024-11-21
1413,30713,1014.0,EA,265,432.56,2024-12-20
1414,30714,1006.0,EA,189,40.95,2025-10-18
1415,30714,1020.0,LTR,159,254.22,2024-05-27
1416,30715,1016.0,KG,39,322.61,2025-12-22
1417,30716,1007.0,LTR,143,300.55,2024-02-13
1418,30717,1013.0,LTR,406,499.32,2025-07-26
1419,30718,1016.0,KG,468,297.16,2024-06-06
1420,30718,1003.0,EA,460,385.42,2024-04-04
1421,30718,1019.0,KG,86,429.49,2024-12-17
1422,30719,1007.0,LTR,444,217.74,2024-10-11
1423,30719,1007.0,LTR,14,395.03,2024-09-25
1424,30720,1016.0,KG,138,404.87,2024-12-13
1425,30720,1015.0,LTR,101,353.45,2025-07-23
1426,30721,1020.0,LTR,50,18.19,2025-09-14
1427,30721,1015.0,LTR,211,350.03,2024-03-03
1428,30722,1005.0,LTR,242,236.34,2025-10-16
1429,30723,1007.0,LTR,363,156.7,2024-10-14
1430,30723,1006.0,EA,369,411.01,2025-02-16
1431,30724,1013.0,LTR,392,499.61,2025-12-03
1432,30725,1013.0,LTR,199,458.27,2024-03-01
1433,30725,1006.0,EA,241,483.67,2024-01-24
1434,30726,1012.0,LTR,246,438.45,2024-10-31
1435,30726,1008.0,KG,348,431.79,2024-10-03
1436,30726,1009.0,KG,201,107.53,2024-01-01
1437,30727,1015.0,LTR,348,388.23,2024-01-25
1438,30727,1007.0,LTR,491,41.33,2024-04-29
1439,30727,1016.0,KG,418,150.17,2024-11-02
1440,30728,1011.0,KG,485,396.11,2025-06-30
1441,30728,1014.0,EA,441,246.64,2025-04-09
1442,30728,1020.0,LTR,161,267.48,2025-03-30
1443,30729,1013.0,LTR,104,276.73,2025-09-03
1444,30729,1018.0,KG,72,431.9,2025-10-23
1445,30730,1004.0,EA,298,94.34,2024-11-05
1446,30731,1012.0,LTR,391,100.97,2025-08-16
1447,30731,1016.0,KG,382,166.61,2024-11-06
1448,30731,1013.0,LTR,223,189.11,2025-04-23
1449,30732,1012.0,LTR,423,272.36,2024-04-03
1450,30732,1010.0,EA,465,283.41,2025-08-09
1451,30732,1007.0,LTR,105,281.8,2025-12-12
1452,30733,1009.0,KG,162,488.29,2025-02-01
1453,30733,1003.0,EA,281,220.05,2024-10-19
1454,30734,1002.0,KG,227,205.73,2025-08-26
1455,30734,1005.0,LTR,100,169.0,2025-03-25
1456,30735,1015.0,LTR,388,242.26,2025-12-09
1457,30735,1014.0,EA,403,262.61,2025-01-14
1458,30736,1004.0,EA,466,332.67,2024-08-08
1459,30736,1003.0,EA,464,415.94,2024-08-10
1460,30736,1010.0,EA,184,411.47,2025-12-14
1461,30737,1004.0,EA,58,31.05,2024-01-19
1462,30738,1010.0,EA,385,184.0,2025-03-05
1463,30738,1018.0,KG,34,416.93,2025-08-18
1464,30738,1013.0,LTR,117,43.86,2024-01-03
1465,30739,1001.0,KG,13,353.0,2024-09-30
1466,30739,1012.0,LTR,424,73.38,2024-11-21
1467,30740,1004.0,EA,470,381.81,2024-04-12
1468,30740,1006.0,EA,83,315.37,2025-01-06
1469,30740,1001.0,KG,184,481.35,2024-01-01
1470,30741,1017.0,EA,68,108.69,2024-07-14
1471,30741,1012.0,LTR,350,449.06,2025-03-04
1472,30741,1014.0,EA,465,93.97,2024-08-20
1473,30742,1002.0,KG,406,374.63,2025-08-10
1474,30742,1015.0,LTR,437,254.07,2025-03-13
1475,30743,1007.0,LTR,203,182.5,2024-07-05
1476,30743,1002.0,KG,355,431.41,2024-11-25
1477,30744,1009.0,KG,488,385.41,2025-01-30
1478,30744,1010.0,EA,108,280.86,2024-12-16
1479,30744,1017.0,EA,400,179.66,2025-07-19
1480,30745,1014.0,EA,203,453.09,2025-08-14
1481,30746,1020.0,LTR,135,54.26,2025-10-27
1482,30746,1010.0,EA,483,78.65,2024-05-17
1483,30747,1004.0,EA,221,226.48,2025-08-16
1484,30748,1006.0,EA,68,37.74,2025-05-05
1485,30748,1017.0,EA,59,123.35,2024-07-14
1486,30748,1001.0,KG,6,366.71,2024-02-15
1487,30749,1020.0,LTR,153,98.37,2024-07-07
1488,30749,1014.0,EA,305,211.7,2024-01-14
1489,30749,1009.0,KG,22,61.69,2024-03-24
1490,30750,1020.0,LTR,240,133.47,2025-05-28
1491,30750,1015.0,LTR,358,76.52,2024-11-28
1492,30751,1016.0,KG,473,376.35,2025-11-18
1493,30752,1012.0,LTR,179,115.17,2025-07-05
1494,30752,1007.0,LTR,21,227.32,2024-07-31
1495,30752,1013.0,LTR,482,432.13,2024-08-28
1496,30753,1006.0,EA,361,106.9,2024-01-03
1497,30753,1007.0,LTR,86,367.62,2025-08-29
1498,30754,1005.0,LTR,373,340.16,2024-04-06
1499,30755,1011.0,KG,166,447.27,2024-08-15
1500,30756,1003.0,EA,237,472.69,2025-10-17
1501,30757,1018.0,KG,387,143.59,2025-08-03
1502,30757,1006.0,EA,16,127.48,2025-12-06
1503,30757,1005.0,LTR,189,127.2,2025-11-22
1504,30758,,EA,366,161.84,2024-02-24
1505,30759,1020.0,LTR,14,400.89,2024-09-27
1506,30759,1015.0,LTR,76,373.17,2024-05-15
1507,30759,1015.0,LTR,130,460.1,2024-12-23
1508,30760,1016.0,KG,18,187.53,2024-10-11
1509,30761,1016.0,KG,389,496.47,2024-05-29
1510,30761,1015.0,LTR,351,297.85,2024-04-09
1511,30761,1009.0,KG,48,230.35,2025-08-08
1512,30762,1013.0,LTR,274,56.6,2025-11-08
1513,30762,1018.0,KG,320,17.99,2025-08-06
1514,30762,1002.0,KG,240,177.23,2024-04-24
1515,30763,1012.0,LTR,52,222.65,2024-12-05
1516,30763,1011.0,KG,484,114.87,2024-11-16
1517,30763,1004.0,EA,425,192.43,2025-04-09
1518,30764,1017.0,EA,156,115.69,2024-06-30
1519,30764,1011.0,KG,159,197.51,2025-01-26
1520,30764,1008.0,KG,70,91.87,2025-01-31
1521,30765,1011.0,KG,498,407.16,2025-05-26
1522,30765,1007.0,LTR,104,314.08,2024-05-10
1523,30766,1014.0,EA,391,147.46,2024-01-20
1524,30766,1013.0,LTR,59,169.97,2025-09-04
1525,30767,1003.0,EA,390,131.83,2024-09-17
1526,30767,1009.0,KG,46,340.98,2025-11-14
1527,30768,1009.0,KG,346,294.14,2024-01-09
1528,30769,1001.0,KG,20,76.65,2025-01-26
1529,30769,1020.0,LTR,102,96.36,2025-09-09
1530,30770,1010.0,EA,334,258.45,2024-10-18
1531,30770,1002.0,KG,493,318.27,2024-03-11
1532,30771,1012.0,LTR,74,468.63,2025-01-11
1533,30772,1014.0,EA,119,248.25,2024-02-18
1534,30772,1011.0,KG,233,27.01,2024-06-22
1535,30773,1014.0,EA,141,169.18,2024-02-09
1536,30774,1005.0,LTR,437,171.31,2024-09-20
1537,30774,1010.0,EA,67,178.24,2025-06-28
1538,30775,1018.0,KG,289,417.36,2025-10-17
1539,30775,1015.0,LTR,400,179.1,2025-12-20
1540,30775,1012.0,LTR,341,317.09,2024-04-05
1541,30776,1001.0,KG,422,131.95,2025-10-28
1542,30777,1005.0,LTR,4,52.96,2024-12-02
1543,30777,1015.0,LTR,403,365.97,2024-05-11
1544,30777,1017.0,EA,460,34.96,2025-09-28
1545,30778,1011.0,KG,122,356.59,2025-01-26
1546,30779,1012.0,LTR,317,346.53,2024-07-14
1547,30779,1005.0,LTR,41,101.38,2025-04-10
1548,30779,1007.0,LTR,35,279.77,2025-11-21
1549,30780,1003.0,EA,291,357.87,2025-06-20
1550,30781,1010.0,EA,481,240.57,2024-01-07
1551,30781,1006.0,EA,484,132.37,2024-02-13
1552,30782,1004.0,EA,45,22.88,2025-01-23
1553,30782,1014.0,EA,81,310.47,2025-07-12
1554,30783,1015.0,LTR,52,75.51,2025-01-13
1555,30783,1019.0,KG,10,247.21,2024-04-07
1556,30783,1001.0,KG,225,437.76,2025-10-27
1557,30784,1004.0,EA,399,57.03,2024-04-26
1558,30785,1006.0,EA,364,116.78,2025-07-25
1559,30785,1002.0,KG,285,81.14,2024-06-16
1560,30786,1007.0,LTR,37,303.99,2024-06-22
1561,30786,1017.0,EA,452,288.84,2024-03-10
1562,30787,1009.0,KG,424,190.94,2024-06-07
1563,30787,1002.0,KG,275,441.72,2025-08-01
1564,30788,1008.0,KG,478,191.9,2025-06-05
1565,30788,1012.0,LTR,332,386.32,2025-10-31
1566,30789,1013.0,LTR,6,32.6,2025-04-05
1567,30790,1001.0,KG,460,445.48,2024-06-27
1568,30790,1019.0,KG,399,376.75,2024-05-12
1569,30790,1004.0,EA,110,432.5,2025-05-30
1570,30791,1013.0,LTR,409,474.65,2025-02-24
1571,30791,1002.0,KG,213,144.39,2024-01-23
1572,30792,1012.0,LTR,372,69.87,2024-11-23
1573,30793,1017.0,EA,135,29.52,2024-01-02
1574,30793,1019.0,KG,83,198.09,2025-01-25
1575,30793,1009.0,KG,443,489.8,2024-03-03
1576,30794,1014.0,EA,153,106.37,2025-05-13
1577,30794,1005.0,LTR,216,158.14,2025-01-01
1578,30794,1003.0,EA,374,368.76,2025-09-05
1579,30795,1020.0,LTR,57,468.55,2024-04-13
1580,30796,1001.0,KG,480,355.02,2024-05-10
1581,30797,1019.0,KG,161,120.19,2025-12-17
1582,30797,1012.0,LTR,482,298.18,2025-01-31
1583,30798,1018.0,KG,442,343.5,2025-09-24
1584,30799,1014.0,EA,1,468.11,2025-01-30
1585,30799,1007.0,LTR,492,299.42,2025-01-08
1586,30799,1002.0,KG,101,370.96,2024-04-20
1587,30800,1011.0,KG,184,106.51,2024-02-18
1588,30801,1009.0,KG,181,151.57,2025-06-01
1589,30801,1019.0,KG,365,76.45,2024-09-15
1590,30801,1011.0,KG,469,79.83,2024-09-13
1591,30802,1017.0,EA,86,321.32,2025-01-27
1592,30803,1008.0,KG,319,334.7,2025-06-04
1593,30803,1012.0,LTR,57,331.17,2024-06-21
1594,30803,1003.0,EA,20,331.17,2025-04-17
1595,30804,1017.0,EA,205,348.15,2024-03-24
1596,30804,1009.0,KG,32,283.81,2024-12-26
1597,30804,1011.0,KG,494,163.65,2024-06-24
1598,30805,1004.0,EA,484,324.06,2024-06-22
1599,30805,1019.0,KG,191,317.42,2024-03-31
1600,30805,1017.0,EA,261,78.28,2025-09-04
1601,30806,1001.0,KG,246,89.09,2024-10-17
1602,30806,1003.0,EA,317,490.9,2025-10-05
1603,30806,1011.0,KG,145,9.58,2024-05-29
1604,30807,1005.0,LTR,443,178.5,2024-02-28
1605,30807,1013.0,LTR,78,219.9,2024-11-29
1606,30808,1010.0,EA,144,163.98,2025-05-02
1607,30808,1002.0,KG,419,366.68,2024-05-06
1608,30809,1016.0,KG,249,276.82,2025-10-31
1609,30810,1001.0,KG,307,386.58,2024-07-29
1610,30810,1013.0,LTR,359,91.2,2024-12-28
1611,30811,1008.0,KG,270,447.17,2025-12-21
1612,30811,1017.0,EA,167,91.4,2025-11-09
1613,30811,1019.0,KG,78,126.19,2025-08-16
1614,30812,1017.0,EA,35,194.08,2024-12-24
1615,30812,1005.0,LTR,236,203.09,2025-11-08
1616,30813,1007.0,LTR,85,99.94,2025-07-02
1617,30813,1003.0,EA,161,383.02,2025-08-03
1618,30814,1007.0,LTR,126,148.94,2025-04-30
1619,30814,1009.0,KG,39,419.74,2024-12-18
1620,30814,1017.0,EA,58,285.02,2025-08-30
1621,30815,1003.0,EA,173,157.5,2024-07-08
1622,30815,1011.0,KG,318,324.46,2025-03-01
1623,30816,1006.0,EA,10,299.99,2024-04-10
1624,30816,1001.0,KG,455,236.74,2024-04-07
1625,30817,1017.0,EA,179,26.96,2024-11-24
1626,30817,1012.0,LTR,63,189.55,2024-02-09
1627,30817,1016.0,KG,388,307.82,2024-01-09
1628,30818,1011.0,KG,164,163.7,2025-02-17
1629,30818,1020.0,LTR,136,467.81,2024-05-19
1630,30819,1003.0,EA,136,434.0,2024-07-23
1631,30820,1017.0,EA,88,223.86,2025-09-13
1632,30820,1005.0,LTR,234,127.48,2024-02-22
1633,30821,1001.0,KG,175,75.62,2025-06-13
1634,30821,1019.0,KG,135,356.11,2025-01-12
1635,30821,1017.0,EA,312,373.25,2025-06-24
1636,30822,1019.0,KG,344,58.88,2024-09-12
1637,30822,1006.0,EA,199,114.84,2024-05-04
1638,30823,1011.0,KG,354,87.54,2025-09-20
1639,30824,1009.0,KG,93,418.75,2025-05-31
1640,30824,1002.0,KG,54,257.41,2024-04-25
1641,30824,1011.0,KG,325,192.43,2025-06-24
1642,30825,1011.0,KG,165,103.24,2024-11-29
1643,30825,1014.0,EA,348,264.63,2025-10-27
1644,30825,1016.0,KG,499,133.51,2024-12-21
1645,30826,1009.0,KG,203,359.69,2025-05-21
1646,30826,1001.0,KG,235,462.37,2024-01-01
1647,30827,1020.0,LTR,385,461.7,2024-05-31
1648,30827,1017.0,EA,151,144.79,2024-03-24
1649,30828,1016.0,KG,210,361.95,2025-11-16
1650,30828,1015.0,LTR,416,404.15,2025-06-15
1651,30829,1008.0,KG,306,61.85,2024-05-09
1652,30830,1005.0,LTR,169,90.71,2025-01-09
1653,30830,1010.0,EA,92,405.7,2025-02-05
1654,30830,1001.0,KG,66,413.85,2025-06-26
1655,30831,1018.0,KG,151,392.44,2024-03-10
1656,30832,1002.0,KG,109,288.64,2024-04-23
1657,30832,1006.0,EA,297,385.97,2024-04-25
1658,30832,1015.0,LTR,244,245.31,2024-10-27
1659,30833,1010.0,EA,275,435.83,2025-04-27
1660,30833,1002.0,KG,397,306.95,2024-04-09
1661,30834,1003.0,EA,209,462.25,2025-05-26
1662,30834,1009.0,KG,470,54.8,2024-11-24
1663,30835,1012.0,LTR,149,409.24,2024-05-08
1664,30835,1002.0,KG,58,346.74,2024-08-23
1665,30836,1020.0,LTR,234,235.41,2024-02-26
1666,30837,1003.0,EA,279,97.8,2024-06-14
1667,30837,1003.0,EA,139,294.52,2024-09-01
1668,30838,1011.0,KG,285,229.67,2025-11-08
1669,30839,1015.0,LTR,498,247.42,2024-04-25
1670,30840,1008.0,KG,52,140.41,2024-09-30
1671,30840,1020.0,LTR,96,95.73,2025-08-03
1672,30840,1020.0,LTR,435,286.91,2025-09-16
1673,30841,1017.0,EA,303,302.32,2025-09-28
1674,30841,1007.0,LTR,281,499.28,2024-09-11
1675,30842,1020.0,LTR,303,50.34,2025-01-22
1676,30843,1008.0,KG,134,255.74,2025-12-11
1677,30843,1010.0,EA,103,381.1,2025-07-18
1678,30844,1003.0,EA,444,244.65,2025-09-09
1679,30845,1009.0,KG,93,223.48,2025-02-10
1680,30845,1007.0,LTR,429,438.07,2024-07-01
1681,30846,1002.0,KG,396,136.28,2024-08-28
1682,30846,1012.0,LTR,161,472.9,2025-08-26
1683,30847,1017.0,EA,17,463.52,2025-05-31
1684,30847,1007.0,LTR,335,343.13,2025-07-27
1685,30848,1017.0,EA,175,265.15,2025-10-15
1686,30849,1017.0,EA,268,192.9,2024-11-07
1687,30849,1008.0,KG,22,23.78,2024-09-02
1688,30850,1013.0,LTR,17,220.19,2024-09-15
1689,30850,1010.0,EA,200,496.29,2025-01-29
1690,30851,1007.0,LTR,265,238.9,2025-04-26
1691,30852,1016.0,KG,390,324.56,2025-08-13
1692,30853,1018.0,KG,379,83.47,2025-01-12
1693,30853,1010.0,EA,243,163.78,2024-07-20
1694,30854,1016.0,KG,296,434.05,2024-12-03
1695,30855,1003.0,EA,312,161.23,2024-04-21
1696,30855,1003.0,EA,273,150.65,2025-09-08
1697,30855,1008.0,KG,245,441.41,2024-09-19
1698,30856,1006.0,EA,261,290.24,2024-05-18
1699,30856,1010.0,EA,32,363.24,2024-05-15
1700,30856,1013.0,LTR,27,15.52,2025-08-01
1701,30857,1009.0,KG,59,378.24,2025-10-18
1702,30857,1020.0,LTR,112,273.73,2024-01-26
1703,30857,1018.0,KG,245,238.67,2025-08-14
1704,30858,1008.0,KG,74,81.54,2025-04-20
1705,30858,1011.0,KG,308,258.09,2025-08-01
1706,30859,1018.0,KG,289,32.37,2025-09-06
1707,30859,1008.0,KG,265,390.8,2025-11-01
1708,30860,1012.0,LTR,422,70.12,2025-06-18
1709,30860,1005.0,LTR,105,257.11,2025-10-16
1710,30860,1012.0,LTR,213,242.3,2024-12-18
1711,30861,1006.0,EA,258,417.84,2025-08-23
1712,30862,1007.0,LTR,28,494.73,2025-02-28
1713,30862,1004.0,EA,112,161.46,2025-09-02
1714,30862,1019.0,KG,180,45.35,2025-05-29
1715,30863,1009.0,KG,99,325.68,2024-03-01
1716,30863,1007.0,LTR,102,24.24,2025-09-30
1717,30863,1001.0,KG,8,215.04,2025-01-06
1718,30864,1010.0,EA,357,266.76,2025-01-18
1719,30865,1007.0,LTR,495,183.55,2024-12-23
1720,30866,1005.0,LTR,129,408.3,2025-01-16
1721,30866,1020.0,LTR,173,421.98,2024-05-05
1722,30867,1001.0,KG,402,479.09,2024-04-16
1723,30868,1002.0,KG,438,418.84,2025-02-28
1724,30868,1019.0,KG,53,102.54,2025-08-24
1725,30868,1013.0,LTR,10,353.1,2025-11-14
1726,30869,1002.0,KG,182,356.42,2025-07-15
1727,30869,1013.0,LTR,479,210.03,2024-11-07
1728,30869,1010.0,EA,403,200.73,2024-12-15
1729,30870,1020.0,LTR,92,145.82,2024-09-23
1730,30870,1008.0,KG,91,325.65,2024-03-07
1731,30871,1012.0,LTR,340,286.39,2025-12-18
1732,30872,1002.0,KG,225,466.58,2024-06-11
1733,30872,1003.0,EA,30,129.81,2024-05-05
1734,30872,1018.0,KG,423,322.77,2025-07-22
1735,30873,1003.0,EA,297,275.11,2025-08-10
1736,30873,1018.0,KG,124,448.15,2024-09-29
1737,30873,1014.0,EA,158,319.78,2025-06-17
1738,30874,1010.0,EA,310,321.58,2024-09-22
1739,30874,1013.0,LTR,246,356.44,2024-11-10
1740,30874,1006.0,EA,84,277.75,2024-11-16
1741,30875,1017.0,EA,162,360.75,2024-04-26
1742,30876,1015.0,LTR,257,213.99,2025-08-29
1743,30876,1007.0,LTR,46,170.16,2025-03-13
1744,30877,1008.0,KG,331,210.94,2025-10-23
1745,30878,1003.0,EA,244,380.43,2024-03-19
1746,30878,1007.0,LTR,375,26.27,2024-11-25
1747,30878,1020.0,LTR,252,165.84,2024-06-15
1748,30879,1001.0,KG,376,421.07,2025-12-21
1749,30879,1002.0,KG,165,478.44,2024-06-28
1750,30880,1002.0,KG,344,232.64,2025-07-06
1751,30881,1001.0,KG,494,124.1,2025-10-14
1752,30881,1010.0,EA,471,46.84,2025-09-20
1753,30882,1016.0,KG,314,140.27,2025-02-17
1754,30882,1005.0,LTR,48,497.22,2025-03-23
1755,30883,1018.0,KG,353,312.21,2025-12-29
1756,30883,1018.0,KG,69,98.28,2024-02-25
1757,30883,1018.0,KG,277,25.85,2025-08-23
1758,30884,1010.0,EA,271,425.11,2025-07-05
1759,30884,1011.0,KG,249,42.82,2024-11-04
1760,30884,1012.0,LTR,80,312.62,2025-01-28
1761,30885,1012.0,LTR,257,472.98,2024-01-29
1762,30886,1018.0,KG,222,115.26,2025-02-11
1763,30886,1007.0,LTR,33,115.35,2024-03-25
1764,30887,1019.0,KG,358,185.84,2025-07-03
1765,30887,,KG,192,213.57,2025-04-17
1766,30887,1007.0,LTR,79,182.03,2025-03-12
1767,30888,1001.0,KG,192,37.96,2025-07-16
1768,30888,1015.0,LTR,368,430.97,2024-09-03
1769,30888,1001.0,KG,412,31.87,2024-08-17
1770,30889,1006.0,EA,291,393.11,2025-04-05
1771,30889,1015.0,LTR,263,484.54,2024-11-16
1772,30890,1011.0,KG,119,185.52,2025-04-30
1773,30890,1011.0,KG,124,135.33,2024-09-25
1774,30890,1020.0,LTR,480,304.71,2025-07-11
1775,30891,1003.0,EA,226,30.64,2024-12-01
1776,30891,1009.0,KG,210,60.23,2024-06-16
1777,30891,1009.0,KG,168,398.97,2024-06-08
1778,30892,1019.0,KG,381,388.41,2025-02-10
1779,30892,1015.0,LTR,186,201.77,2024-08-17
1780,30893,1005.0,LTR,10,151.11,2024-11-08
1781,30894,1011.0,KG,28,274.2,2024-02-19
1782,30894,1004.0,EA,410,435.06,2025-12-07
1783,30895,1012.0,LTR,83,429.77,2024-06-20
1784,30895,1012.0,LTR,80,89.57,2025-05-28
1785,30895,1014.0,EA,194,478.23,2024-10-17
1786,30896,1011.0,KG,209,216.58,2025-11-19
1787,30896,1007.0,LTR,464,241.66,2025-11-07
1788,30896,1003.0,EA,65,270.53,2024-03-08
1789,30897,1020.0,LTR,234,194.01,2024-02-08
1790,30897,1013.0,LTR,383,414.36,2024-05-29
1791,30897,1006.0,EA,183,202.5,2025-07-06
1792,30898,1014.0,EA,361,131.05,2024-09-03
1793,30898,1016.0,KG,451,316.11,2025-04-14
1794,30899,1012.0,LTR,158,29.2,2025-12-12
1795,30900,1013.0,LTR,85,397.25,2024-02-02
1796,30900,1019.0,KG,388,334.56,2024-04-07
1797,30901,1015.0,LTR,412,292.6,2025-12-17
1798,30902,1016.0,KG,10,67.31,2025-07-02
1799,30903,1001.0,KG,53,329.53,2025-05-05
1800,30904,1002.0,KG,496,445.33,2025-04-16
1801,30905,1010.0,EA,116,488.54,2024-04-29
1802,30906,1002.0,KG,305,419.13,2025-04-01
1803,30906,1018.0,KG,101,76.03,2024-08-11
1804,30907,1014.0,EA,286,86.02,2024-09-24
1805,30907,1011.0,KG,372,47.61,2025-07-09
1806,30907,1012.0,LTR,422,89.81,2024-01-25
1807,30908,1020.0,LTR,203,394.45,2024-05-06
1808,30908,1002.0,KG,190,166.68,2025-05-19
1809,30908,1013.0,LTR,319,13.49,2025-10-27
1810,30909,1011.0,KG,295,346.63,2025-10-09
1811,30909,1005.0,LTR,244,225.03,2025-07-09
1812,30909,1007.0,LTR,404,99.84,2024-12-10
1813,30910,1006.0,EA,87,67.52,2024-04-03
1814,30911,1017.0,EA,357,361.14,2025-09-06
1815,30911,1006.0,EA,276,82.42,2024-07-26
1816,30911,1001.0,KG,198,388.18,2024-06-16
1817,30912,1015.0,LTR,362,422.75,2025-10-25
1818,30912,1005.0,LTR,185,159.57,2025-11-18
1819,30912,1020.0,LTR,452,212.59,2024-09-22
1820,30913,1015.0,LTR,356,473.07,2024-12-25
1821,30913,1014.0,EA,107,494.94,2025-11-10
1822,30914,1008.0,KG,452,62.46,2024-04-12
1823,30915,1015.0,LTR,331,201.38,2025-10-08
1824,30915,1019.0,KG,25,170.47,2024-03-21
1825,30916,1017.0,EA,197,486.66,2024-12-24
1826,30916,1010.0,EA,335,38.24,2024-04-15
1827,30917,1001.0,KG,137,327.23,2024-09-17
1828,30918,1005.0,LTR,290,125.75,2024-08-20
1829,30918,1005.0,LTR,191,365.88,2025-03-21
1830,30918,1010.0,EA,255,375.8,2024-07-18
1831,30919,1011.0,KG,64,278.79,2025-08-17
1832,30920,1002.0,KG,482,494.17,2025-04-12
1833,30921,1010.0,EA,420,190.45,2025-06-11
1834,30922,1013.0,LTR,300,189.0,2024-08-28
1835,30923,1004.0,EA,212,471.46,2025-03-11
1836,30924,1008.0,KG,47,384.81,2025-07-25
1837,30925,1010.0,EA,94,331.57,2024-01-13
1838,30925,1010.0,EA,327,476.78,2024-07-02
1839,30925,1003.0,EA,146,367.73,2024-02-24
1840,30926,1010.0,EA,383,34.46,2025-11-11
1841,30926,1011.0,KG,83,388.3,2024-01-27
1842,30926,1011.0,KG,428,256.79,2024-10-09
1843,30927,1013.0,LTR,68,52.02,2025-09-22
1844,30927,1005.0,LTR,262,125.46,2024-11-14
1845,30928,1015.0,LTR,498,400.21,2025-02-07
1846,30928,1018.0,KG,337,53.41,2024-07-13
1847,30929,1020.0,LTR,89,425.75,2024-07-09
1848,30930,1013.0,LTR,153,126.41,2025-11-25
1849,30930,1018.0,KG,199,233.08,2025-05-24
1850,30930,1004.0,EA,275,76.56,2025-01-09
1851,30931,1009.0,KG,71,28.47,2024-06-30
1852,30931,1011.0,KG,487,194.34,2025-09-14
1853,30931,1004.0,EA,259,162.18,2024-08-02
1854,30932,1010.0,EA,304,228.86,2025-10-20
1855,30933,1013.0,LTR,429,441.23,2024-01-28
1856,30934,1001.0,KG,197,21.28,2025-10-16
1857,30935,1010.0,EA,278,271.52,2025-10-29
1858,30935,1009.0,KG,285,174.45,2024-07-09
1859,30936,1011.0,KG,56,282.25,2025-11-22
1860,30937,1006.0,EA,168,210.64,2024-10-24
1861,30937,1020.0,LTR,418,425.31,2025-12-05
1862,30937,1006.0,EA,322,236.91,2025-06-03
1863,30938,1007.0,LTR,176,110.56,2025-09-23
1864,30938,1013.0,LTR,188,46.76,2024-06-05
1865,30939,1009.0,KG,346,491.04,2024-02-18
1866,30940,1004.0,EA,248,100.52,2025-02-26
1867,30940,1014.0,EA,22,319.22,2024-02-10
1868,30941,1007.0,LTR,411,239.27,2025-08-08
1869,30942,1003.0,EA,292,412.28,2025-06-17
1870,30942,1017.0,EA,418,199.04,2024-01-28
1871,30942,1019.0,KG,59,277.54,2025-11-05
1872,30943,1014.0,EA,87,280.94,2025-01-09
1873,30944,1007.0,LTR,193,368.71,2024-10-09
1874,30945,1013.0,LTR,316,51.26,2024-06-14
1875,30945,1011.0,KG,350,125.25,2025-06-14
1876,30945,1005.0,LTR,178,336.51,2024-10-20
1877,30946,1013.0,LTR,140,481.25,2025-02-04
1878,30947,1012.0,LTR,403,473.17,2025-04-10
1879,30948,1009.0,KG,471,499.98,2024-03-12
1880,30949,1012.0,LTR,23,431.54,2025-02-24
1881,30949,1010.0,EA,425,289.52,2025-09-25
1882,30949,1006.0,EA,282,86.96,2025-03-09
1883,30950,1005.0,LTR,270,35.18,2024-11-15
1884,30951,1006.0,EA,41,73.34,2025-05-24
1885,30951,1015.0,LTR,14,69.06,2024-09-03
1886,30952,1018.0,KG,291,27.27,2025-10-15
1887,30953,1009.0,KG,27,395.6,2025-06-28
1888,30953,1012.0,LTR,279,489.49,2025-06-09
1889,30954,1018.0,KG,37,138.47,2025-05-31
1890,30955,1019.0,KG,262,190.21,2025-06-17
1891,30955,1005.0,LTR,425,104.5,2025-09-23
1892,30956,1006.0,EA,106,210.91,2025-04-25
1893,30956,1018.0,KG,48,352.5,2025-12-05
1894,30957,1017.0,EA,473,482.42,2025-04-12
1895,30957,1002.0,KG,43,293.91,2024-04-29
1896,30957,1009.0,KG,344,432.94,2025-10-24
1897,30958,1019.0,KG,487,81.1,2024-12-01
1898,30959,1012.0,LTR,29,255.15,2024-02-23
1899,30960,1018.0,KG,401,110.62,2024-03-14
1900,30960,1015.0,LTR,253,55.53,2025-09-02
1901,30961,1006.0,EA,330,289.36,2025-09-05
1902,30961,1017.0,EA,180,190.5,2024-11-13
1903,30962,1015.0,LTR,24,83.92,2025-10-29
1904,30962,1002.0,KG,278,255.57,2024-01-13
1905,30962,1002.0,KG,352,194.56,2025-05-14
1906,30963,1009.0,KG,16,218.34,2024-04-10
1907,30964,1002.0,KG,245,246.13,2025-03-04
1908,30964,1013.0,LTR,343,255.38,2024-09-19
1909,30964,1007.0,LTR,209,448.06,2025-03-12
1910,30965,1012.0,LTR,430,75.37,2024-04-10
1911,30965,1006.0,EA,83,310.45,2024-04-10
1912,30966,1003.0,EA,443,260.46,2025-02-15
1913,30966,1002.0,KG,268,268.97,2025-06-13
1914,30966,1010.0,EA,342,474.59,2024-03-17
1915,30967,1014.0,EA,289,217.98,2025-05-06
1916,30968,1007.0,LTR,142,385.41,2024-11-01
1917,30969,1008.0,KG,376,159.32,2024-12-06
1918,30970,1011.0,KG,280,83.48,2024-04-15
1919,30970,1007.0,LTR,95,218.0,2025-06-30
1920,30971,1003.0,EA,441,402.66,2024-11-07
1921,30971,1014.0,EA,235,123.91,2025-10-19
1922,30972,1012.0,LTR,468,298.96,2024-12-05
1923,30973,1003.0,EA,48,211.36,2025-05-08
1924,30973,1002.0,KG,485,354.22,2025-08-13
1925,30974,1005.0,LTR,186,375.38,2025-06-19
1926,30974,1018.0,KG,322,260.81,2025-02-28
1927,30975,1017.0,EA,19,393.95,2025-02-23
1928,30975,1016.0,KG,434,112.62,2024-07-09
1929,30975,1001.0,KG,393,322.7,2024-12-23
1930,30976,1018.0,KG,90,320.77,2025-10-26
1931,30976,1020.0,LTR,303,59.9,2024-05-30
1932,30976,1014.0,EA,45,355.1,2024-03-13
1933,30977,1017.0,EA,244,485.74,2024-03-07
1934,30977,1001.0,KG,59,241.73,2025-04-09
1935,30977,1003.0,EA,273,162.73,2025-10-11
1936,30978,1012.0,LTR,282,188.28,2025-03-08
1937,30978,1016.0,KG,240,489.02,2025-10-26
1938,30979,1004.0,EA,83,448.68,2024-05-29
1939,30979,,KG,298,483.8,2025-11-12
1940,30980,1001.0,KG,39,396.94,2025-01-03
1941,30981,1018.0,KG,13,125.3,2025-09-27
1942,30981,1008.0,KG,165,359.24,2025-03-22
1943,30981,1015.0,LTR,274,213.81,2025-10-02
1944,30982,1004.0,EA,269,354.21,2025-11-22
1945,30982,1003.0,EA,474,358.47,2025-01-05
1946,30983,1009.0,KG,178,54.24,2024-01-19
1947,30983,1005.0,LTR,416,390.0,2024-09-17
1948,30983,1014.0,EA,95,291.92,2024-12-12
1949,30984,1018.0,KG,131,53.12,2024-01-05
1950,30984,1020.0,LTR,205,324.35,2025-04-04
1951,30985,1007.0,LTR,234,199.76,2024-10-07
1952,30985,1011.0,KG,287,174.0,2025-06-04
1953,30986,1019.0,KG,75,43.75,2024-09-05
1954,30987,1004.0,EA,401,179.49,2025-12-16
1955,30988,1016.0,KG,260,298.46,2024-09-23
1956,30988,1004.0,EA,436,390.46,2024-09-29
1957,30989,1020.0,LTR,333,41.45,2025-10-02
1958,30989,1017.0,EA,268,16.89,2025-04-12
1959,30990,1001.0,KG,96,31.39,2025-12-20
1960,30990,1018.0,KG,168,418.8,2024-09-11
1961,30991,1015.0,LTR,408,467.07,2024-07-06
1962,30991,1004.0,EA,278,14.17,2024-07-15
1963,30991,1017.0,EA,245,331.2,2025-06-27
1964,30992,1004.0,EA,95,258.83,2024-04-06
1965,30993,1017.0,EA,428,250.5,2025-02-18
1966,30993,1008.0,KG,262,26.75,2025-06-22
1967,30993,1004.0,EA,21,305.62,2025-04-15
1968,30994,1006.0,EA,96,8.35,2025-03-14
1969,30994,,KG,437,409.8,2024-02-19
1970,30995,1001.0,KG,498,348.63,2024-03-01
1971,30995,1017.0,EA,44,396.54,2024-10-06
1972,30996,1019.0,KG,165,54.81,2025-05-13
1973,30997,1008.0,KG,291,145.35,2024-08-14
1974,30997,1012.0,LTR,338,145.56,2025-11-19
1975,30997,1012.0,LTR,415,491.41,2025-08-31
1976,30998,1002.0,KG,11,192.68,2025-02-10
1977,30998,1020.0,LTR,359,47.22,2024-11-08
1978,30998,1012.0,LTR,48,346.99,2024-03-14
1979,30999,1005.0,LTR,193,244.62,2025-08-21
1980,30999,1003.0,EA,318,481.01,2024-12-29
1981,30999,1020.0,LTR,176,126.65,2025-10-28
1982,31000,1019.0,KG,157,80.33,2025-04-11
1983,31000,1020.0,LTR,190,153.76,2024-07-28
