PR_LINE_ID,PR_HEADER_ID,ITEM_ID,UOM,QUANTITY,REQUIRED_DATE,EST_UNIT_PRICE
1,20001,1008,KG,67,2025-03-29,131.27
2,20001,1004,EA,30,2024-04-13,67.05
3,20001,1011,KG,100,2025-06-19,117.1
4,20002,1009,KG,43,2025-11-21,154.69
5,20002,1020,LTR,57,2025-07-03,92.42
6,20003,1011,KG,9,2025-05-09,129.38
7,20004,1015,LTR,53,2025-12-13,108.34
8,20004,1014,EA,9,2025-12-03,126.4
9,20005,1018,KG,28,2024-10-03,40.21
10,20005,1009,KG,55,2025-10-17,181.05
11,20005,1014,EA,46,2024-05-05,193.11
12,20006,1010,EA,42,2025-03-18,174.34
13,20006,1019,KG,99,2024-08-29,98.27
14,20006,1007,LTR,48,2024-12-07,155.34
15,20006,1019,KG,100,2025-02-09,191.01
16,20007,1012,LTR,93,2024-07-14,167.48
17,20007,1005,LTR,33,2024-12-28,90.05
18,20008,1004,EA,64,2025-08-11,170.5
19,20008,1008,KG,27,2025-05-24,189.6
20,20008,1010,EA,95,2024-06-30,125.36
21,20008,1018,KG,31,2025-03-28,16.61
22,20009,1020,LTR,99,2024-01-07,12.98
23,20009,1016,KG,56,2025-01-20,133.45
24,20009,1009,KG,73,2024-04-27,15.74
25,20010,1007,LTR,13,2024-06-08,21.12
26,20011,1004,EA,50,2024-12-01,137.31
27,20011,1008,KG,8,2025-07-24,164.56
28,20011,1003,EA,87,2024-02-01,27.87
29,20012,1002,KG,75,2024-03-10,158.2
30,20012,1020,LTR,63,2025-09-22,36.57
31,20012,1019,KG,5,2025-11-16,84.1
32,20013,1004,EA,73,2025-04-06,91.71
33,20013,1019,KG,22,2024-02-16,59.07
34,20013,1018,KG,81,2024-12-21,78.03
35,20013,1013,LTR,93,2024-02-16,5.83
36,20014,1014,EA,54,2025-04-17,33.4
37,20014,1016,KG,36,2025-11-17,108.69
38,20014,1004,EA,55,2024-07-04,166.47
39,20014,1015,LTR,43,2025-03-03,30.84
40,20015,1010,EA,14,2025-10-30,72.82
41,20016,1001,KG,24,2025-12-17,178.73
42,20016,1013,LTR,32,2024-08-18,77.0
43,20016,1015,LTR,60,2024-02-09,26.55
44,20017,1014,EA,54,2025-03-17,82.22
45,20017,1011,KG,24,2025-02-23,124.92
46,20017,1003,EA,21,2025-07-04,90.49
47,20017,1012,LTR,20,2024-05-16,105.69
48,20018,1019,KG,44,2024-06-08,184.32
49,20018,1012,LTR,42,2025-04-26,126.12
50,20018,1020,LTR,43,2025-02-08,123.77
51,20019,1006,EA,68,2025-12-20,9.78
52,20019,1003,EA,44,2025-03-26,166.95
53,20019,1013,LTR,38,2025-03-05,87.48
54,20020,1014,EA,35,2025-09-05,167.01
55,20020,1020,LTR,17,2025-08-29,55.39
56,20020,1012,LTR,71,2024-08-20,102.47
57,20020,1008,KG,52,2025-01-12,90.95
58,20021,1003,EA,10,2025-09-04,155.6
59,20021,1001,KG,23,2025-04-01,158.27
60,20022,1019,KG,14,2025-01-16,161.91
61,20022,1007,LTR,71,2024-11-01,198.55
62,20022,1003,EA,30,2025-04-04,34.33
63,20023,1017,EA,87,2025-10-12,36.04
64,20023,1006,EA,27,2024-01-08,61.48
65,20024,1003,EA,68,2025-10-26,14.27
66,20025,1007,LTR,43,2024-08-12,12.06
67,20025,1013,LTR,73,2024-02-12,48.01
68,20025,1008,KG,38,2025-04-10,176.96
69,20025,1007,LTR,11,2025-03-23,31.75
70,20026,1014,EA,10,2024-09-07,53.21
71,20027,1006,EA,40,2024-10-19,156.68
72,20027,1020,LTR,53,2025-09-30,74.4
73,20028,1010,EA,73,2025-07-27,195.07
74,20029,1006,EA,49,2024-09-07,91.32
75,20030,1002,KG,26,2025-01-29,36.71
76,20030,1017,EA,39,2025-03-06,178.29
77,20030,1012,LTR,30,2024-05-13,123.11
78,20030,1008,KG,27,2025-12-04,141.04
79,20031,1017,EA,66,2024-09-30,117.35
80,20031,1017,EA,78,2025-09-13,56.72
81,20031,1017,EA,87,2025-06-22,153.7
82,20031,1003,EA,98,2024-09-27,112.95
83,20032,1009,KG,10,2025-03-20,113.1
84,20033,1017,EA,3,2024-12-15,104.06
85,20034,1013,LTR,94,2025-10-11,115.4
86,20034,1004,EA,15,2025-09-14,18.33
87,20035,1019,KG,58,2024-10-07,25.38
88,20036,1008,KG,73,2024-02-19,153.82
89,20036,1001,KG,72,2024-10-16,72.81
90,20036,1013,LTR,33,2025-01-05,193.15
91,20036,1016,KG,25,2025-03-23,191.94
92,20037,1019,KG,22,2024-04-11,103.6
93,20038,1017,EA,19,2024-01-12,14.4
94,20038,1016,KG,21,2025-08-18,9.04
95,20038,1011,KG,63,2025-04-24,168.43
96,20038,1016,KG,13,2025-12-08,77.79
97,20039,1015,LTR,22,2024-06-12,17.2
98,20039,1016,KG,46,2025-09-05,175.83
99,20040,1016,KG,37,2024-04-26,6.86
100,20040,1010,EA,83,2025-12-21,142.01
101,20041,1010,EA,2,2024-06-01,190.91
102,20041,1018,KG,84,2024-03-20,119.91
103,20042,1003,EA,70,2025-08-28,175.88
104,20043,1018,KG,10,2024-05-29,103.65
105,20043,1005,LTR,42,2024-10-27,157.57
106,20043,1011,KG,59,2024-07-12,164.43
107,20044,1008,KG,8,2025-09-13,157.98
108,20045,1019,KG,64,2025-09-10,195.48
109,20045,1016,KG,51,2025-06-22,147.18
110,20045,1007,LTR,92,2025-01-05,149.35
111,20046,1016,KG,64,2025-02-01,6.07
112,20047,1018,KG,92,2024-01-18,7.28
113,20047,1011,KG,23,2024-03-03,152.25
114,20047,1007,LTR,56,2024-02-01,105.02
115,20047,1020,LTR,34,2024-01-09,26.56
116,20048,1004,EA,91,2024-03-14,66.04
117,20048,1019,KG,67,2024-05-23,153.99
118,20048,1005,LTR,52,2024-01-08,148.51
119,20049,1010,EA,66,2024-11-16,133.66
120,20049,1010,EA,36,2024-04-09,24.35
121,20049,1016,KG,9,2025-10-25,191.8
122,20049,1018,KG,42,2024-11-15,66.46
123,20050,1007,LTR,79,2024-12-30,132.76
124,20050,1017,EA,59,2024-07-28,157.42
125,20050,1009,KG,48,2024-11-01,50.18
126,20050,1018,KG,52,2025-12-27,85.13
127,20051,1004,EA,8,2025-09-11,187.15
128,20051,1011,KG,71,2024-05-28,123.25
129,20051,1018,KG,96,2024-07-01,35.84
130,20051,1015,LTR,50,2024-08-01,63.45
131,20052,1012,LTR,52,2025-08-05,186.38
132,20053,1003,EA,61,2025-09-07,118.22
133,20053,1015,LTR,24,2024-02-21,49.37
134,20053,1005,LTR,92,2025-11-11,110.88
135,20053,1001,KG,97,2024-04-29,179.21
136,20054,1017,EA,39,2025-09-24,53.17
137,20054,1003,EA,12,2025-06-13,147.65
138,20055,1008,KG,35,2024-01-31,67.64
139,20055,1010,EA,61,2025-02-21,175.33
140,20056,1009,KG,80,2024-07-23,165.66
141,20057,1013,LTR,87,2024-10-30,109.73
142,20057,1005,LTR,22,2025-12-21,190.67
143,20058,1018,KG,69,2024-11-28,96.86
144,20058,1013,LTR,58,2025-05-14,106.64
145,20058,1005,LTR,38,2025-02-10,14.34
146,20059,1020,LTR,80,2025-10-25,145.99
147,20059,1012,LTR,1,2024-12-21,102.41
148,20059,1005,LTR,62,2025-03-08,112.99
149,20059,1008,KG,79,2025-05-21,17.82
150,20060,1020,LTR,79,2025-01-28,35.85
151,20060,1010,EA,5,2024-08-19,11.9
152,20060,1007,LTR,52,2025-05-17,23.67
153,20060,1009,KG,92,2025-06-21,17.37
154,20061,1020,LTR,8,2024-08-02,31.98
155,20061,1001,KG,21,2024-02-24,73.56
156,20062,1013,LTR,12,2025-06-14,113.31
157,20062,1019,KG,100,2025-03-10,187.97
158,20062,1002,KG,88,2024-05-27,139.34
159,20063,1009,KG,78,2024-12-29,144.85
160,20063,1004,EA,71,2024-11-17,19.16
161,20063,1017,EA,83,2025-05-22,45.59
162,20063,1011,KG,51,2025-07-15,126.73
163,20064,1010,EA,89,2024-05-08,141.29
164,20064,1007,LTR,62,2024-02-27,89.83
165,20064,1012,LTR,96,2024-12-29,101.07
166,20065,1009,KG,7,2025-10-27,26.94
167,20066,1014,EA,48,2024-09-19,128.83
168,20066,1008,KG,95,2025-07-23,112.69
169,20066,1007,LTR,41,2024-07-29,125.93
170,20066,1001,KG,1,2025-06-10,162.06
171,20067,1003,EA,77,2025-09-24,54.12
172,20067,1008,KG,82,2025-12-12,98.32
173,20067,1016,KG,22,2024-09-19,170.36
174,20067,1001,KG,16,2024-05-02,134.77
175,20068,1004,EA,15,2025-03-21,69.53
176,20068,1010,EA,33,2025-07-09,37.58
177,20069,1004,EA,62,2025-09-14,150.3
178,20069,1004,EA,22,2024-06-25,152.98
179,20069,1009,KG,18,2024-05-29,174.11
180,20069,1018,KG,49,2024-01-19,59.3
181,20070,1017,EA,4,2025-02-25,159.29
182,20070,1012,LTR,26,2024-11-12,195.51
183,20071,1001,KG,71,2025-02-15,126.7
184,20071,1011,KG,45,2025-10-30,115.74
185,20072,1018,KG,79,2024-05-30,5.59
186,20073,1007,LTR,35,2024-05-22,35.24
187,20073,1018,KG,92,2024-02-06,71.19
188,20073,1010,EA,85,2025-08-17,67.15
189,20074,1012,LTR,99,2024-02-11,89.16
190,20074,1017,EA,29,2024-01-12,91.9
191,20075,1003,EA,49,2025-05-11,194.23
192,20075,1005,LTR,46,2025-03-08,131.75
193,20075,1015,LTR,88,2024-05-19,32.15
194,20075,1018,KG,56,2024-06-05,74.79
195,20076,1005,LTR,69,2025-01-30,160.12
196,20076,1020,LTR,61,2024-03-23,5.44
197,20076,1020,LTR,74,2025-12-13,182.77
198,20077,1002,KG,69,2024-08-28,40.16
199,20078,1012,LTR,27,2025-08-30,69.89
200,20079,1007,LTR,56,2025-11-18,117.55
201,20079,1005,LTR,2,2025-05-16,142.45
202,20079,1013,LTR,97,2025-03-05,153.26
203,20079,1004,EA,80,2025-01-30,10.88
204,20080,1004,EA,7,2025-06-02,59.88
205,20080,1007,LTR,41,2024-11-29,41.89
206,20081,1012,LTR,81,2025-09-12,50.94
207,20081,1010,EA,2,2024-10-29,7.08
208,20081,1002,KG,74,2024-03-13,166.5
209,20082,1010,EA,1,2025-06-05,183.35
210,20082,1018,KG,27,2024-11-14,182.83
211,20082,1008,KG,60,2024-04-29,69.04
212,20082,1002,KG,87,2024-03-29,161.56
213,20083,1013,LTR,26,2024-01-14,70.88
214,20083,1002,KG,63,2025-01-03,25.69
215,20084,1001,KG,3,2024-11-06,140.95
216,20085,1014,EA,65,2024-08-21,193.9
217,20086,1012,LTR,44,2025-01-09,74.88
218,20087,1011,KG,23,2024-03-19,98.18
219,20087,1020,LTR,82,2024-10-20,27.63
220,20088,1020,LTR,85,2024-11-16,39.63
221,20088,1010,EA,95,2024-01-18,169.35
222,20088,1020,LTR,6,2024-03-31,168.78
223,20089,1005,LTR,24,2025-02-15,58.67
224,20089,1003,EA,55,2024-04-16,46.68
225,20089,1005,LTR,87,2025-10-13,113.35
226,20090,1018,KG,32,2025-02-03,99.26
227,20090,1011,KG,10,2025-03-20,145.9
228,20090,1012,LTR,33,2024-07-19,110.33
229,20090,1020,LTR,8,2025-08-09,100.8
230,20091,1016,KG,21,2024-06-08,187.58
231,20091,1013,LTR,20,2024-04-16,39.76
232,20092,1004,EA,29,2025-03-11,127.81
233,20092,1001,KG,92,2024-07-08,29.52
234,20092,1015,LTR,93,2025-04-01,199.78
235,20093,1007,LTR,72,2024-08-01,28.81
236,20093,1004,EA,42,2025-10-21,57.77
237,20093,1008,KG,5,2025-03-03,154.86
238,20093,1012,LTR,58,2024-04-14,43.54
239,20094,1019,KG,58,2025-09-17,45.89
240,20094,1009,KG,99,2024-03-25,137.29
241,20095,1015,LTR,96,2024-01-18,61.97
242,20096,1011,KG,27,2024-03-29,29.32
243,20096,1007,LTR,78,2024-12-18,85.54
244,20097,1011,KG,34,2025-08-09,72.44
245,20097,1016,KG,80,2025-03-30,137.45
246,20097,1013,LTR,65,2025-03-10,39.04
247,20098,1019,KG,39,2025-08-29,32.15
248,20098,1002,KG,97,2025-01-30,126.46
249,20098,1014,EA,13,2024-09-26,28.36
250,20099,1009,KG,33,2024-05-24,95.94
251,20099,1009,KG,88,2025-03-23,86.1
252,20100,1019,KG,96,2024-11-29,157.93
253,20100,1011,KG,-8,2025-05-02,29.79
254,20101,1017,EA,5,2024-11-16,115.36
255,20101,1006,EA,63,2025-04-04,171.98
256,20101,1003,EA,32,2025-01-21,198.73
257,20101,1008,KG,24,2025-05-06,51.45
258,20102,1003,EA,85,2024-05-30,157.07
259,20102,1012,LTR,5,2025-12-30,26.26
260,20102,1006,EA,28,2025-05-29,162.18
261,20102,1017,EA,92,2024-01-26,68.61
262,20103,1007,LTR,61,2024-10-20,187.57
263,20103,1003,EA,35,2024-01-29,48.32
264,20103,1011,KG,28,2025-07-27,128.13
265,20104,1003,EA,53,2024-06-29,131.0
266,20104,1004,EA,46,2025-04-02,134.46
267,20104,1014,EA,5,2025-11-29,20.54
268,20104,1014,EA,34,2024-05-03,40.42
269,20105,1011,KG,1,2025-12-01,194.87
270,20105,1001,KG,85,2024-11-28,165.28
271,20105,1009,KG,22,2024-06-20,154.4
272,20105,1018,KG,21,2024-05-23,101.15
273,20106,1019,KG,51,2024-10-05,163.07
274,20106,1020,LTR,33,2025-07-12,86.3
275,20106,1014,EA,14,2024-02-15,152.32
276,20107,1004,EA,91,2024-05-20,142.61
277,20107,1015,LTR,80,2025-10-19,99.52
278,20108,1001,KG,1,2025-06-04,114.56
279,20108,1012,LTR,98,2024-09-27,82.31
280,20108,1015,LTR,41,2024-02-27,83.41
281,20109,1004,EA,9,2024-07-12,41.45
282,20109,1015,LTR,7,2024-10-17,84.02
283,20109,1009,KG,32,2025-06-16,153.03
284,20109,1018,KG,60,2025-11-17,187.88
285,20110,1012,LTR,17,2025-03-25,150.77
286,20111,1014,EA,34,2025-04-24,97.34
287,20111,1011,KG,1,2024-06-08,80.17
288,20111,1007,LTR,60,2024-04-07,161.37
289,20112,1013,LTR,40,2025-09-19,115.61
290,20113,1018,KG,90,2025-04-02,31.9
291,20113,1011,KG,23,2025-02-22,10.55
292,20114,1019,KG,50,2025-02-27,33.59
293,20114,1018,KG,54,2024-03-14,119.49
294,20114,1018,KG,89,2025-05-24,87.47
295,20114,1019,KG,22,2025-10-03,101.11
296,20115,1003,EA,52,2024-05-29,142.0
297,20115,1009,KG,70,2025-05-19,119.08
298,20115,1013,LTR,79,2024-09-01,45.6
299,20116,1007,LTR,79,2024-08-12,180.14
300,20117,1019,KG,82,2025-12-21,15.73
301,20117,1013,LTR,92,2025-05-09,195.65
302,20118,1019,KG,23,2024-05-08,44.76
303,20118,1006,EA,25,2024-10-31,127.99
304,20118,1003,EA,68,2024-03-17,26.42
305,20118,1016,KG,10,2024-03-08,60.03
306,20119,1010,EA,58,2025-01-12,73.9
307,20120,1007,LTR,84,2024-12-28,102.39
308,20120,1009,KG,6,2025-01-09,130.25
309,20121,1003,EA,94,2025-12-16,131.24
310,20122,1009,KG,79,2024-05-31,199.27
311,20122,1006,EA,94,2024-11-21,169.93
312,20123,1019,KG,42,2024-06-18,60.55
313,20123,1002,KG,32,2025-01-09,103.82
314,20124,1011,KG,44,2024-11-23,23.8
315,20124,1008,KG,60,2025-02-19,170.11
316,20124,1008,KG,89,2024-04-30,39.38
317,20125,1003,EA,93,2024-04-28,132.86
318,20125,1003,EA,84,2024-06-25,60.23
319,20125,1009,KG,65,2024-07-28,158.02
320,20126,1012,LTR,4,2024-06-27,186.75
321,20126,1009,KG,54,2025-10-14,26.8
322,20126,1014,EA,58,2024-02-27,129.75
323,20126,1020,LTR,-8,2025-07-15,140.15
324,20127,1001,KG,100,2024-09-18,47.18
325,20128,1011,KG,12,2025-03-30,164.98
326,20128,1006,EA,10,2025-09-15,44.48
327,20128,1016,KG,56,2025-02-01,125.75
328,20128,1004,EA,49,2025-12-08,189.05
329,20129,1010,EA,38,2024-10-02,50.65
330,20129,1018,KG,99,2024-10-27,125.8
331,20129,1001,KG,55,2024-07-04,140.71
332,20129,1015,LTR,43,2025-01-15,34.44
333,20130,1004,EA,33,2025-12-28,85.63
334,20130,1020,LTR,84,2025-10-25,43.21
335,20130,1012,LTR,61,2025-01-21,21.04
336,20131,1017,EA,49,2024-06-05,25.56
337,20131,1010,EA,53,2024-02-29,50.34
338,20131,1013,LTR,45,2025-02-12,122.97
339,20131,1017,EA,85,2025-01-23,155.66
340,20132,1013,LTR,63,2025-08-23,162.86
341,20132,1014,EA,28,2025-05-13,161.72
342,20132,1020,LTR,68,2024-04-16,55.59
343,20133,1017,EA,70,2024-01-26,154.41
344,20134,1011,KG,39,2024-03-04,197.54
345,20134,1003,EA,6,2024-05-19,104.99
346,20135,1012,LTR,56,2025-02-06,197.54
347,20135,1002,KG,28,2024-10-13,132.65
348,20136,1003,EA,58,2025-03-23,130.64
349,20136,1002,KG,94,2024-05-03,30.61
350,20136,1012,LTR,14,2025-06-26,162.25
351,20136,1013,LTR,40,2025-09-02,7.59
352,20137,1005,LTR,57,2025-10-22,70.17
353,20138,1015,LTR,68,2024-03-17,43.51
354,20138,1014,EA,47,2025-12-23,159.07
355,20138,1019,KG,35,2024-04-12,9.62
356,20138,1019,KG,40,2024-04-13,139.74
357,20139,1016,KG,87,2024-08-27,165.83
358,20140,1001,KG,20,2024-11-30,142.48
359,20140,1016,KG,35,2024-03-28,148.46
360,20140,1010,EA,27,2025-12-20,91.38
361,20140,1018,KG,23,2025-12-08,93.15
362,20141,1006,EA,1,2025-05-18,147.11
363,20141,1009,KG,35,2024-08-02,88.59
364,20141,1001,KG,46,2024-07-19,149.39
365,20141,1003,EA,2,2025-01-13,63.83
366,20142,1020,LTR,2,2024-10-11,167.89
367,20143,1012,LTR,47,2025-04-16,52.88
368,20144,1016,KG,2,2024-06-30,199.37
369,20144,1017,EA,14,2025-06-13,192.62
370,20145,1005,LTR,52,2024-02-18,169.57
371,20145,1008,KG,12,2025-05-11,31.17
372,20145,1001,KG,99,2024-09-18,81.35
373,20145,1003,EA,60,2025-10-15,131.95
374,20146,1002,KG,22,2025-04-23,69.68
375,20147,1019,KG,47,2024-06-18,70.27
376,20147,1015,LTR,39,2024-06-22,180.52
377,20147,1012,LTR,98,2025-08-18,146.71
378,20148,1008,KG,99,2024-12-24,45.61
379,20148,1014,EA,36,2025-12-19,69.04
380,20148,1012,LTR,22,2025-03-09,17.24
381,20148,1003,EA,26,2024-10-07,53.77
382,20149,1007,LTR,3,2024-09-29,107.67
383,20149,1006,EA,95,2024-11-17,81.98
384,20150,1007,LTR,15,2025-03-19,56.82
385,20150,1005,LTR,15,2024-04-11,110.95
386,20150,1020,LTR,88,2025-09-18,184.06
387,20151,1017,EA,90,2025-04-09,157.8
388,20151,1004,EA,33,2024-11-18,90.59
389,20151,1005,LTR,1,2024-08-27,87.83
390,20152,1016,KG,46,2025-02-12,99.76
391,20152,1003,EA,60,2025-03-09,122.22
392,20152,1003,EA,86,2025-04-29,185.44
393,20153,1006,EA,21,2024-02-24,12.7
394,20153,1005,LTR,15,2025-02-04,136.2
395,20154,1020,LTR,39,2025-01-03,136.22
396,20154,1015,LTR,40,2024-02-24,199.5
397,20154,1003,EA,48,2024-12-19,100.71
398,20155,1012,LTR,48,2024-04-05,30.66
399,20156,1018,KG,51,2025-02-01,191.42
400,20156,1011,KG,54,2025-12-08,11.43
401,20156,1017,EA,9,2024-07-12,57.78
402,20157,1001,KG,40,2024-05-18,164.46
403,20157,1014,EA,100,2025-02-14,15.43
404,20158,1018,KG,86,2024-12-25,89.11
405,20158,1011,KG,13,2024-04-26,119.15
406,20158,1010,EA,66,2025-03-18,176.55
407,20159,1011,KG,4,2024-09-13,23.56
408,20159,1017,EA,75,2025-02-26,53.08
409,20159,1018,KG,29,2025-08-08,198.53
410,20160,1011,KG,35,2024-10-22,50.48
411,20160,1006,EA,3,2025-09-07,183.93
412,20161,1005,LTR,51,2025-07-20,106.64
413,20161,1011,KG,50,2025-01-10,13.53
414,20161,1016,KG,45,2025-12-28,88.81
415,20161,1007,LTR,44,2025-03-22,62.96
416,20162,1001,KG,90,2024-01-03,177.18
417,20162,1017,EA,45,2024-07-22,95.17
418,20163,1002,KG,86,2025-11-20,65.91
419,20163,1007,LTR,36,2024-09-11,198.93
420,20164,1020,LTR,17,2024-02-02,136.8
421,20164,1007,LTR,43,2025-12-26,70.27
422,20164,1020,LTR,41,2025-02-15,107.19
423,20164,1002,KG,82,2025-02-11,118.55
424,20165,1019,KG,14,2024-06-17,156.45
425,20166,1018,KG,1,2025-11-20,108.03
426,20167,1009,KG,64,2025-02-01,68.18
427,20168,1010,EA,85,2024-07-09,15.22
428,20168,1017,EA,73,2024-10-25,13.73
429,20168,1003,EA,80,2025-02-18,100.33
430,20169,1002,KG,21,2024-04-26,107.12
431,20169,1008,KG,89,2024-03-24,187.7
432,20170,1012,LTR,45,2024-09-21,153.3
433,20170,1007,LTR,78,2024-11-04,88.65
434,20171,1004,EA,97,2024-12-18,90.21
435,20171,1012,LTR,23,2024-03-16,112.94
436,20171,1010,EA,29,2025-07-12,49.19
437,20171,1012,LTR,66,2025-08-30,140.97
438,20172,1011,KG,81,2025-09-24,8.55
439,20172,1009,KG,50,2025-09-28,142.89
440,20173,1010,EA,78,2024-05-13,127.04
441,20173,1014,EA,96,2025-11-17,133.41
442,20174,1017,EA,33,2025-06-02,176.05
443,20175,1005,LTR,100,2025-09-08,62.14
444,20175,1002,KG,96,2025-03-29,15.18
445,20176,1005,LTR,4,2024-10-11,117.12
446,20177,1020,LTR,91,2025-11-26,179.22
447,20177,1001,KG,91,2025-06-04,20.2
448,20178,1020,LTR,89,2025-02-24,12.85
449,20178,1013,LTR,89,2025-04-05,108.26
450,20178,1019,KG,55,2025-12-24,166.24
451,20179,1012,LTR,15,2024-02-19,30.84
452,20179,1011,KG,39,2025-05-02,49.09
453,20179,1001,KG,73,2025-02-13,63.66
454,20180,1007,LTR,31,2025-06-20,99.58
455,20180,1009,KG,66,2025-12-25,131.86
456,20180,1020,LTR,67,2024-12-31,99.39
457,20180,1019,KG,93,2024-01-15,183.51
458,20181,1005,LTR,75,2024-08-13,90.02
459,20181,1006,EA,12,2024-10-22,150.01
460,20182,1010,EA,37,2025-04-27,17.87
461,20183,1011,KG,22,2025-07-07,182.85
462,20184,1004,EA,46,2025-07-05,167.38
463,20184,1007,LTR,17,2025-08-27,130.71
464,20184,1014,EA,23,2024-12-07,128.33
465,20184,1002,KG,56,2025-01-27,70.68
466,20185,1004,EA,94,2025-04-22,53.28
467,20185,1004,EA,1,2024-08-02,194.03
468,20185,1002,KG,45,2025-11-13,132.93
469,20186,1001,KG,3,2025-01-09,66.59
470,20186,1016,KG,26,2024-07-28,64.67
471,20186,1008,KG,94,2025-05-16,44.72
472,20186,1011,KG,43,2025-08-14,144.64
473,20187,1011,KG,30,2025-11-22,106.45
474,20187,1006,EA,84,2024-12-06,81.09
475,20187,1018,KG,14,2025-07-21,8.76
476,20187,1012,LTR,75,2025-09-21,183.81
477,20188,1008,KG,17,2025-11-09,196.22
478,20188,1011,KG,93,2024-03-15,195.21
479,20188,1016,KG,89,2024-12-21,35.97
480,20189,1016,KG,53,2024-04-19,109.98
481,20189,1006,EA,20,2024-03-10,42.72
482,20189,1008,KG,27,2025-06-01,137.52
483,20189,1017,EA,4,2025-01-13,189.65
484,20190,1014,EA,85,2024-02-19,10.5
485,20191,1015,LTR,29,2025-03-24,98.33
486,20191,1017,EA,64,2025-12-03,68.73
487,20192,1007,LTR,18,2025-07-09,84.11
488,20192,1020,LTR,83,2025-07-08,113.67
489,20193,1014,EA,88,2024-08-31,49.99
490,20194,1002,KG,84,2024-08-03,151.03
491,20194,1001,KG,80,2025-09-10,188.47
492,20194,1002,KG,46,2025-10-15,143.72
493,20194,1019,KG,33,2024-08-27,135.63
494,20195,1018,KG,10,2024-06-13,137.39
495,20195,1016,KG,36,2024-01-02,26.08
496,20196,1017,EA,63,2024-09-14,77.05
497,20197,1019,KG,63,2024-01-11,150.16
498,20197,1011,KG,59,2025-07-02,49.89
499,20197,1013,LTR,44,2025-09-21,168.71
500,20197,1007,LTR,1,2024-02-14,98.3
501,20198,1010,EA,13,2025-03-10,80.76
502,20198,1001,KG,49,2024-05-16,49.47
503,20198,1002,KG,29,2024-05-30,174.41
504,20199,1020,LTR,46,2024-04-22,192.6
505,20200,1019,KG,26,2025-02-25,42.21
506,20200,1001,KG,42,2025-10-17,90.1
507,20201,1011,KG,74,2024-10-18,131.8
508,20201,1019,KG,47,2024-05-14,50.31
509,20201,1010,EA,82,2025-03-09,184.21
510,20201,1018,KG,15,2025-04-08,148.5
511,20202,1011,KG,2,2024-01-06,10.03
512,20202,1011,KG,75,2025-08-26,54.06
513,20202,1009,KG,81,2025-04-23,20.66
514,20202,1017,EA,45,2024-06-23,193.1
515,20203,1015,LTR,88,2024-09-30,66.14
516,20203,1016,KG,86,2025-10-20,109.43
517,20204,1002,KG,91,2024-11-03,27.7
518,20204,1008,KG,5,2024-05-30,150.33
519,20204,1004,EA,23,2025-07-06,118.87
520,20205,1003,EA,50,2024-11-27,85.97
521,20205,1012,LTR,32,2024-12-16,31.24
522,20205,1002,KG,86,2024-11-01,180.52
523,20206,1004,EA,68,2025-12-18,18.95
524,20206,1016,KG,24,2024-04-15,164.93
525,20206,1004,EA,44,2024-08-19,183.0
526,20206,1004,EA,47,2024-09-29,187.75
527,20207,1010,EA,20,2025-04-04,99.68
528,20207,1017,EA,77,2025-06-08,68.38
529,20207,1016,KG,58,2025-05-15,107.92
530,20207,1004,EA,38,2024-07-16,63.34
531,20208,1004,EA,66,2025-09-13,44.42
532,20208,1008,KG,36,2024-07-09,196.88
533,20209,1015,LTR,1,2025-10-28,85.32
534,20209,1011,KG,76,2024-12-14,121.95
535,20209,1008,KG,62,2024-03-27,40.46
536,20209,1017,EA,56,2025-08-06,163.67
537,20210,1018,KG,96,2024-03-03,115.45
538,20210,1014,EA,41,2025-04-12,7.38
539,20210,1005,LTR,18,2024-05-15,32.94
540,20210,1009,KG,62,2024-01-03,78.62
541,20211,1008,KG,3,2025-08-18,127.69
542,20211,1016,KG,2,2025-12-21,25.97
543,20211,1007,LTR,73,2024-09-09,175.45
544,20212,1016,KG,91,2025-01-16,13.74
545,20212,1003,EA,74,2025-12-11,121.58
546,20212,1016,KG,59,2025-08-07,158.65
547,20212,1013,LTR,48,2025-04-21,78.24
548,20213,1016,KG,86,2024-11-16,61.37
549,20213,1010,EA,90,2025-04-06,81.03
550,20214,1015,LTR,90,2024-10-15,62.75
551,20214,1003,EA,89,2024-05-16,99.01
552,20215,1002,KG,76,2024-11-21,103.27
553,20215,1018,KG,87,2025-07-10,99.75
554,20215,1019,KG,53,2024-01-02,155.73
555,20216,1017,EA,48,2024-08-03,67.02
556,20216,1009,KG,23,2024-03-18,110.9
557,20217,1017,EA,63,2024-12-26,78.63
558,20217,1010,EA,91,2024-08-03,87.39
559,20217,1005,LTR,51,2024-11-07,167.73
560,20217,1013,LTR,39,2024-03-30,16.28
561,20218,1004,EA,92,2024-09-22,65.34
562,20219,1015,LTR,19,2024-05-06,30.87
563,20219,1009,KG,93,2025-07-15,17.53
564,20219,1014,EA,70,2025-09-18,106.65
565,20220,1006,EA,51,2024-08-10,111.96
566,20220,1011,KG,46,2025-09-04,127.8
567,20220,1002,KG,93,2025-03-17,192.23
568,20221,1007,LTR,86,2025-09-17,103.24
569,20222,1010,EA,62,2024-09-22,193.41
570,20222,1005,LTR,7,2024-10-15,16.72
571,20222,1020,LTR,1,2025-12-18,146.7
572,20222,1012,LTR,87,2025-07-20,108.21
573,20223,1019,KG,10,2025-11-08,144.91
574,20224,1017,EA,30,2025-05-18,55.65
575,20224,1007,LTR,28,2025-03-21,57.8
576,20224,1008,KG,2,2024-03-19,89.95
577,20224,1014,EA,67,2024-09-03,193.17
578,20225,1012,LTR,65,2025-12-09,94.36
579,20225,1001,KG,74,2024-03-15,123.83
580,20225,1020,LTR,59,2024-03-15,136.08
581,20225,1004,EA,81,2025-04-06,139.29
582,20226,1004,EA,20,2025-09-24,151.71
583,20226,1008,KG,48,2024-04-03,176.66
584,20226,1019,KG,39,2025-03-10,43.36
585,20227,1007,LTR,95,2024-08-27,78.41
586,20227,1005,LTR,95,2024-12-13,32.1
587,20227,1020,LTR,84,2024-05-03,109.07
588,20228,1012,LTR,76,2024-01-09,138.85
589,20228,1015,LTR,68,2025-05-09,42.55
590,20229,1002,KG,20,2024-08-04,111.86
591,20229,1013,LTR,14,2025-01-20,41.5
592,20230,1010,EA,87,2024-01-16,124.56
593,20230,1002,KG,68,2025-06-27,106.92
594,20230,1010,EA,44,2024-06-11,142.04
595,20231,1017,EA,6,2024-06-04,26.73
596,20231,1007,LTR,11,2025-08-02,88.99
597,20232,1009,KG,79,2025-07-16,129.72
598,20232,1020,LTR,59,2024-01-23,52.56
599,20233,1003,EA,39,2025-04-26,157.37
600,20233,1016,KG,50,2025-05-15,137.0
601,20233,1014,EA,86,2025-11-26,125.43
602,20234,1016,KG,97,2025-07-11,79.39
603,20234,1006,EA,96,2025-12-26,114.36
604,20234,1019,KG,50,2025-06-09,177.17
605,20235,1014,EA,22,2024-11-13,134.74
606,20235,1003,EA,86,2024-04-28,24.85
607,20236,1010,EA,17,2025-04-26,131.8
608,20236,1011,KG,34,2024-07-13,85.04
609,20236,1010,EA,21,2025-02-01,156.93
610,20237,1006,EA,68,2025-09-27,112.11
611,20238,1008,KG,100,2025-05-17,14.84
612,20238,1002,KG,91,2024-02-17,28.81
613,20239,1017,EA,89,2024-06-14,67.73
614,20240,1009,KG,12,2024-12-04,62.49
615,20241,1017,EA,63,2025-10-08,15.96
616,20241,1019,KG,17,2025-09-08,186.65
617,20241,1018,KG,47,2024-11-09,38.75
618,20242,1003,EA,75,2025-06-25,122.86
619,20242,1015,LTR,56,2024-05-19,89.11
620,20242,1001,KG,78,2025-04-25,123.03
621,20242,1015,LTR,69,2024-03-02,14.18
622,20243,1008,KG,62,2025-05-22,10.7
623,20243,1006,EA,20,2024-10-18,16.72
624,20243,1011,KG,66,2025-08-28,112.65
625,20244,1008,KG,33,2024-08-25,79.78
626,20244,1006,EA,57,2024-04-29,95.84
627,20244,1009,KG,7,2025-06-28,10.72
628,20244,1011,KG,91,2025-07-18,129.81
629,20245,1001,KG,19,2024-02-13,122.85
630,20245,1019,KG,13,2025-11-11,77.67
631,20245,1002,KG,71,2024-04-04,16.25
632,20245,1018,KG,4,2025-05-02,162.35
633,20246,1014,EA,17,2025-09-13,185.61
634,20246,1003,EA,89,2024-07-06,32.74
635,20246,1002,KG,35,2025-01-02,182.57
636,20247,1010,EA,58,2024-01-19,155.58
637,20247,1009,KG,70,2024-02-02,26.59
638,20247,1001,KG,3,2024-10-26,94.81
639,20248,1006,EA,87,2024-04-30,41.89
640,20248,1010,EA,66,2024-01-15,69.65
641,20249,1010,EA,88,2024-07-29,144.32
642,20249,1008,KG,7,2024-11-23,159.91
643,20249,1020,LTR,59,2024-05-18,190.06
644,20250,1019,KG,5,2025-10-28,32.02
645,20250,1001,KG,9,2024-06-15,192.47
646,20250,1018,KG,89,2025-09-25,124.59
647,20251,1010,EA,73,2025-09-30,60.06
648,20251,1015,LTR,66,2025-12-26,75.06
649,20251,1017,EA,62,2025-09-14,152.39
650,20251,1020,LTR,29,2024-12-16,196.8
651,20252,1010,EA,61,2024-08-17,191.5
652,20253,1001,KG,37,2024-09-12,17.53
653,20254,1020,LTR,69,2024-02-17,117.51
654,20255,1013,LTR,35,2024-12-14,61.5
655,20255,1014,EA,84,2024-06-23,88.9
656,20256,1003,EA,9,2025-12-18,117.61
657,20256,1013,LTR,5,2024-05-04,32.89
658,20256,1012,LTR,15,2025-12-08,107.81
659,20256,1015,LTR,25,2025-05-12,197.78
660,20257,1003,EA,87,2024-03-12,44.59
661,20257,1007,LTR,83,2025-10-23,72.8
662,20257,1001,KG,3,2024-04-20,22.03
663,20257,1013,LTR,76,2024-01-13,102.0
664,20258,1013,LTR,55,2025-03-27,131.88
665,20258,1019,KG,93,2024-09-07,63.53
666,20258,1011,KG,51,2024-08-18,18.73
667,20259,1005,LTR,34,2025-01-01,120.47
668,20259,1020,LTR,16,2024-04-21,151.33
669,20259,1010,EA,41,2025-10-19,73.37
670,20260,1002,KG,43,2024-08-27,111.65
671,20260,1011,KG,23,2025-03-01,198.64
672,20261,1020,LTR,8,2024-08-03,168.03
673,20262,1004,EA,33,2024-01-22,22.29
674,20262,1010,EA,16,2024-01-29,178.43
675,20262,1002,KG,55,2025-05-23,26.29
676,20262,1004,EA,98,2024-02-14,181.95
677,20263,1017,EA,17,2025-10-23,78.04
678,20263,1016,KG,55,2025-05-10,137.07
679,20264,1003,EA,75,2025-12-19,123.56
680,20264,1006,EA,20,2025-01-07,174.35
681,20264,1012,LTR,68,2025-10-13,187.26
682,20264,1005,LTR,78,2025-05-28,23.91
683,20265,1011,KG,2,2024-02-04,196.44
684,20265,1002,KG,50,2025-03-26,51.66
685,20265,1019,KG,17,2025-02-25,67.14
686,20266,1003,EA,11,2024-07-04,75.92
687,20266,1005,LTR,10,2024-12-31,191.66
688,20266,1016,KG,94,2024-11-05,16.4
689,20266,1018,KG,60,2024-08-06,184.79
690,20267,1002,KG,52,2024-05-21,69.61
691,20267,1002,KG,76,2025-10-07,68.33
692,20268,1011,KG,8,2024-12-02,144.74
693,20268,1013,LTR,86,2024-07-18,25.14
694,20268,1001,KG,29,2025-08-21,188.5
695,20268,1020,LTR,90,2025-05-28,5.25
696,20269,1006,EA,96,2024-06-20,42.64
697,20269,1005,LTR,61,2025-09-28,83.37
698,20270,1004,EA,9,2024-11-18,141.72
699,20271,1011,KG,14,2025-09-06,119.6
700,20271,1001,KG,45,2024-09-11,12.69
701,20272,1014,EA,8,2024-02-10,23.32
702,20272,1009,KG,79,2025-06-28,13.11
703,20272,1011,KG,94,2024-03-31,92.33
704,20272,1007,LTR,16,2025-12-23,144.25
705,20273,1016,KG,25,2025-07-01,163.17
706,20273,1007,LTR,39,2025-12-08,53.43
707,20273,1013,LTR,38,2024-10-03,121.73
708,20273,1012,LTR,41,2025-05-19,47.73
709,20274,1006,EA,9,2024-02-24,66.87
710,20274,1019,KG,2,2024-03-19,192.83
711,20274,1017,EA,61,2025-10-15,137.74
712,20274,1020,LTR,46,2024-07-03,30.64
713,20275,1012,LTR,27,2024-06-13,101.89
714,20275,1017,EA,32,2024-04-15,101.54
715,20276,1013,LTR,63,2025-10-04,105.46
716,20277,1018,KG,70,2025-04-19,22.63
717,20278,1016,KG,42,2025-10-01,62.56
718,20278,1020,LTR,71,2025-06-29,6.02
719,20278,1007,LTR,60,2024-05-03,153.77
720,20279,1003,EA,87,2025-02-08,17.76
721,20279,1016,KG,3,2025-07-08,136.43
722,20279,1012,LTR,52,2024-12-12,153.24
723,20280,1008,KG,46,2024-03-12,71.46
724,20281,1009,KG,15,2024-07-02,127.09
725,20281,1012,LTR,88,2025-09-04,10.93
726,20281,1004,EA,23,2025-08-31,196.7
727,20282,1016,KG,96,2025-01-11,35.22
728,20282,1016,KG,74,2025-07-26,63.91
729,20283,1016,KG,25,2025-05-20,175.79
730,20283,1003,EA,8,2025-12-25,123.65
731,20284,1007,LTR,98,2025-04-08,36.83
732,20284,1009,KG,71,2024-08-01,38.82
733,20284,1020,LTR,31,2024-11-22,64.43
734,20285,1018,KG,70,2025-08-20,107.12
735,20286,1018,KG,5,2025-07-09,128.8
736,20286,1014,EA,91,2025-04-17,88.05
737,20286,1014,EA,80,2024-11-03,66.86
738,20286,1011,KG,50,2024-11-26,116.65
739,20287,1020,LTR,22,2024-08-15,42.96
740,20288,1007,LTR,97,2025-06-16,138.68
741,20288,1008,KG,53,2025-06-15,5.85
742,20288,1008,KG,54,2025-11-02,54.93
743,20288,1016,KG,64,2024-11-02,163.48
744,20289,1002,KG,8,2025-12-31,187.54
745,20289,1015,LTR,99,2024-06-01,151.32
746,20289,1013,LTR,68,2024-08-26,174.92
747,20290,1004,EA,46,2024-06-23,6.15
748,20290,1013,LTR,77,2024-06-14,131.26
749,20291,1012,LTR,89,2024-03-18,186.04
750,20291,1014,EA,48,2024-05-12,9.87
751,20291,1008,KG,95,2024-07-30,106.72
752,20291,1005,LTR,25,2024-06-17,6.7
753,20292,1009,KG,99,2024-06-05,142.3
754,20292,1018,KG,24,2025-10-04,93.06
755,20293,1004,EA,73,2025-04-24,150.8
756,20293,1010,EA,41,2024-07-05,37.34
757,20293,1001,KG,26,2025-12-08,128.23
758,20294,1004,EA,9,2025-05-14,173.34
759,20294,1005,LTR,46,2024-11-04,145.45
760,20295,1011,KG,44,2025-01-28,134.29
761,20295,1007,LTR,7,2024-05-14,18.18
762,20295,1017,EA,39,2024-07-05,89.39
763,20295,1016,KG,59,2024-12-12,143.61
764,20296,1017,EA,76,2025-12-03,147.29
765,20296,1015,LTR,32,2025-02-16,20.63
766,20297,1005,LTR,47,2025-02-26,26.65
767,20297,1018,KG,51,2024-08-23,28.57
768,20298,1008,KG,81,2025-07-29,171.22
769,20298,1009,KG,97,2025-11-11,7.3
770,20298,1012,LTR,25,2024-02-28,121.62
771,20298,1019,KG,58,2024-05-08,26.82
772,20299,1015,LTR,35,2025-07-07,73.08
773,20300,1011,KG,86,2025-03-10,127.05
774,20301,1019,KG,-8,2025-12-03,161.88
775,20301,1003,EA,17,2024-10-28,11.36
776,20301,1013,LTR,22,2025-12-01,152.94
777,20301,1004,EA,80,2024-09-25,124.43
778,20302,1013,LTR,15,2025-11-23,70.58
779,20302,1019,KG,12,2025-06-29,141.95
780,20302,1011,KG,68,2025-04-19,174.44
781,20303,1016,KG,54,2024-05-10,187.68
782,20303,1002,KG,47,2025-07-14,179.18
783,20304,1009,KG,58,2025-04-22,131.31
784,20304,1017,EA,72,2025-04-28,136.42
785,20305,1001,KG,15,2025-02-05,177.66
786,20306,1019,KG,30,2024-08-24,57.0
787,20306,1019,KG,87,2025-02-28,33.04
788,20307,1006,EA,32,2025-01-08,42.95
789,20308,1012,LTR,92,2024-02-24,110.32
790,20308,1017,EA,62,2024-11-27,89.37
791,20308,1004,EA,37,2024-06-19,142.65
792,20309,1017,EA,95,2024-08-17,190.35
793,20309,1004,EA,32,2025-09-29,73.16
794,20309,1019,KG,42,2025-09-25,42.06
795,20310,1006,EA,41,2024-03-05,74.03
796,20310,1001,KG,87,2024-06-11,41.46
797,20311,1003,EA,16,2024-09-16,179.49
798,20311,1003,EA,36,2024-10-08,13.21
799,20312,1012,LTR,-8,2024-08-17,181.83
800,20312,1009,KG,92,2025-02-03,77.07
801,20312,1016,KG,66,2024-02-20,193.61
802,20313,1018,KG,17,2024-07-25,181.56
803,20314,1017,EA,80,2024-01-04,39.48
804,20314,1011,KG,44,2025-07-18,107.8
805,20314,1001,KG,78,2024-12-17,150.66
806,20314,1006,EA,19,2024-08-27,122.66
807,20315,1020,LTR,56,2024-01-29,25.52
808,20315,1009,KG,85,2025-08-23,133.13
809,20315,1019,KG,48,2024-05-22,57.96
810,20316,1009,KG,99,2025-09-04,179.86
811,20316,1007,LTR,47,2025-03-01,108.93
812,20316,1006,EA,22,2024-09-25,129.58
813,20317,1008,KG,6,2025-12-29,70.12
814,20318,1013,LTR,20,2024-05-28,33.66
815,20319,1005,LTR,76,2024-06-20,75.23
816,20320,1008,KG,90,2024-02-23,127.53
817,20320,1006,EA,30,2025-03-20,143.98
818,20320,1001,KG,93,2025-06-22,173.03
819,20320,1013,LTR,59,2024-04-03,56.58
820,20321,1008,KG,100,2025-09-23,111.94
821,20321,1010,EA,21,2024-10-12,148.76
822,20321,1003,EA,81,2024-09-15,56.74
823,20322,1011,KG,70,2025-04-09,192.89
824,20322,1015,LTR,70,2024-02-17,111.09
825,20323,1018,KG,10,2024-10-24,63.57
826,20323,1016,KG,20,2025-07-04,165.6
827,20324,1012,LTR,90,2025-05-25,89.11
828,20324,1004,EA,67,2024-07-23,150.64
829,20324,1005,LTR,52,2024-03-17,63.71
830,20324,1011,KG,6,2025-03-12,49.84
831,20325,1016,KG,20,2025-09-28,141.11
832,20325,1013,LTR,79,2024-03-31,26.68
833,20326,1002,KG,68,2025-12-06,78.73
834,20326,1010,EA,54,2024-01-04,52.23
835,20326,1014,EA,55,2025-03-18,13.12
836,20327,1004,EA,12,2024-10-20,111.26
837,20327,1015,LTR,6,2024-12-21,118.97
838,20328,1003,EA,23,2025-10-16,151.71
839,20328,1012,LTR,81,2025-01-27,193.75
840,20328,1019,KG,26,2025-12-18,168.62
841,20329,1014,EA,39,2024-03-07,67.62
842,20330,1019,KG,14,2024-08-30,78.33
843,20330,1017,EA,4,2024-09-28,46.64
844,20330,1006,EA,59,2025-05-18,107.77
845,20331,1007,LTR,27,2024-02-14,43.09
846,20331,1012,LTR,53,2024-12-28,56.51
847,20331,1001,KG,20,2025-05-14,27.73
848,20331,1001,KG,56,2025-03-13,71.09
849,20332,1001,KG,39,2024-10-07,165.74
850,20332,1003,EA,79,2025-03-19,143.8
851,20332,1001,KG,14,2024-03-19,34.84
852,20333,1009,KG,71,2025-12-24,125.33
853,20333,1013,LTR,32,2025-08-03,91.04
854,20333,1017,EA,38,2024-07-24,27.64
855,20333,1006,EA,60,2025-04-30,47.59
856,20334,1004,EA,28,2025-11-11,8.32
857,20335,1018,KG,94,2025-05-12,173.46
858,20335,1001,KG,9,2024-07-19,157.59
859,20336,1001,KG,76,2025-01-09,118.55
860,20336,1003,EA,82,2024-06-07,155.17
861,20336,1014,EA,85,2024-08-08,71.94
862,20337,1016,KG,34,2025-05-05,58.64
863,20338,1010,EA,86,2025-01-23,160.15
864,20339,1007,LTR,3,2024-11-19,34.72
865,20339,1018,KG,70,2024-10-31,190.46
866,20339,1006,EA,95,2025-11-26,71.42
867,20339,1007,LTR,-8,2024-02-20,33.28
868,20340,1001,KG,27,2025-12-28,188.24
869,20341,1012,LTR,44,2025-07-10,35.06
870,20341,1018,KG,79,2024-08-07,163.66
871,20341,1007,LTR,37,2024-02-12,38.64
872,20341,1002,KG,28,2024-08-21,90.58
873,20342,1015,LTR,82,2025-03-08,158.35
874,20342,1019,KG,14,2024-09-05,24.23
875,20342,1017,EA,84,2025-09-04,98.73
876,20343,1003,EA,64,2025-01-11,119.67
877,20344,1008,KG,87,2024-04-25,135.97
878,20344,1011,KG,89,2024-03-16,150.49
879,20344,1010,EA,83,2025-07-06,168.34
880,20345,1016,KG,45,2024-08-29,168.09
881,20345,1016,KG,28,2025-01-17,151.03
882,20345,1011,KG,8,2025-06-29,132.19
883,20346,1013,LTR,25,2025-05-29,183.02
884,20346,1004,EA,49,2024-04-04,80.9
885,20346,1007,LTR,46,2024-06-13,87.5
886,20346,1007,LTR,29,2025-03-13,13.62
887,20347,1016,KG,61,2025-01-10,163.47
888,20347,1015,LTR,80,2024-12-21,60.09
889,20348,1016,KG,18,2025-09-12,75.68
890,20349,1009,KG,43,2025-07-18,159.6
891,20350,1001,KG,77,2024-07-29,19.12
892,20350,1015,LTR,17,2025-05-17,148.96
893,20351,1016,KG,78,2024-07-03,27.82
894,20351,1001,KG,56,2025-08-17,59.33
895,20352,1007,LTR,65,2024-01-05,35.52
896,20352,1001,KG,50,2024-01-11,79.68
897,20353,1019,KG,93,2024-12-30,151.65
898,20353,1006,EA,21,2024-08-23,134.91
899,20353,1004,EA,42,2024-07-01,94.77
900,20354,1002,KG,2,2024-04-16,13.65
901,20354,1008,KG,18,2024-01-14,160.85
902,20354,1017,EA,12,2024-03-18,129.02
903,20355,1007,LTR,34,2024-05-31,18.08
904,20355,1017,EA,82,2024-03-04,113.55
905,20356,1005,LTR,80,2025-12-06,93.2
906,20356,1019,KG,2,2025-04-17,33.24
907,20356,1010,EA,56,2025-10-08,190.45
908,20356,1019,KG,81,2025-04-24,152.1
909,20357,1017,EA,13,2024-06-25,119.22
910,20357,1017,EA,24,2024-05-03,79.23
911,20358,1020,LTR,35,2025-09-27,35.19
912,20359,1011,KG,83,2024-01-31,101.35
913,20360,1002,KG,7,2024-08-30,117.0
914,20360,1001,KG,10,2025-02-02,85.76
915,20361,1011,KG,25,2024-07-30,112.9
916,20362,1019,KG,36,2025-08-24,81.16
917,20362,1014,EA,45,2025-12-14,42.3
918,20363,1012,LTR,98,2024-10-30,83.51
919,20363,1016,KG,63,2025-07-28,49.61
920,20363,1020,LTR,43,2025-12-23,69.58
921,20364,1005,LTR,57,2024-03-24,101.79
922,20364,1002,KG,35,2025-07-13,161.46
923,20365,1008,KG,49,2024-09-28,67.14
924,20365,1016,KG,92,2025-08-05,100.07
925,20365,1003,EA,83,2024-09-09,36.2
926,20366,1004,EA,37,2025-12-08,99.86
927,20367,1005,LTR,5,2025-11-05,96.44
928,20368,1005,LTR,33,2024-08-18,159.84
929,20368,1016,KG,41,2025-09-29,156.53
930,20368,1020,LTR,22,2024-11-02,145.84
931,20369,1015,LTR,50,2025-12-30,53.12
932,20369,1010,EA,20,2025-04-08,43.65
933,20369,1002,KG,56,2024-05-03,17.58
934,20370,1010,EA,22,2024-01-12,32.04
935,20370,1002,KG,61,2024-11-24,42.29
936,20370,1012,LTR,43,2025-04-26,132.23
937,20370,1019,KG,97,2024-06-21,131.74
938,20371,1019,KG,28,2024-02-02,32.62
939,20371,1002,KG,93,2025-07-28,152.17
940,20371,1009,KG,75,2025-01-19,103.28
941,20371,1001,KG,61,2025-10-20,114.63
942,20372,1007,LTR,40,2025-11-04,104.79
943,20372,1013,LTR,39,2025-10-22,12.28
944,20372,1010,EA,12,2024-12-10,104.42
945,20373,1002,KG,21,2025-03-29,103.25
946,20374,1001,KG,46,2024-10-03,147.73
947,20374,1010,EA,14,2024-04-26,18.99
948,20374,1007,LTR,39,2025-08-11,171.9
949,20375,1008,KG,17,2025-04-14,89.43
950,20375,1002,KG,52,2024-02-19,164.87
951,20376,1020,LTR,26,2024-01-22,138.29
952,20376,1005,LTR,18,2024-04-25,49.08
953,20377,1017,EA,9,2024-08-06,76.41
954,20377,1001,KG,72,2025-07-20,172.47
955,20377,1012,LTR,56,2025-04-07,57.69
956,20377,1009,KG,30,2024-04-30,64.18
957,20378,1015,LTR,85,2024-09-05,121.74
958,20379,1018,KG,97,2024-01-22,173.36
959,20379,1008,KG,38,2025-08-13,57.88
960,20379,1010,EA,4,2025-07-11,153.22
961,20379,1011,KG,67,2024-01-22,184.39
962,20380,1007,LTR,18,2024-12-18,117.76
963,20381,1010,EA,1,2024-03-10,123.33
964,20382,1012,LTR,94,2024-09-18,164.63
965,20382,1020,LTR,90,2025-05-28,13.33
966,20382,1003,EA,24,2025-07-29,14.28
967,20382,1008,KG,37,2024-02-03,19.66
968,20383,1016,KG,67,2024-09-11,180.15
969,20383,1008,KG,97,2025-04-16,106.85
970,20383,1004,EA,46,2025-11-22,47.68
971,20383,1003,EA,94,2024-09-07,18.94
972,20384,1017,EA,46,2025-09-23,71.12
973,20384,1006,EA,63,2025-09-14,52.61
974,20384,1019,KG,96,2024-04-06,125.78
975,20385,1011,KG,93,2025-06-19,172.92
976,20385,1015,LTR,27,2025-01-07,30.32
977,20385,1004,EA,64,2025-02-07,166.84
978,20386,1017,EA,89,2025-07-29,158.46
979,20386,1002,KG,63,2025-04-29,113.82
980,20387,1004,EA,37,2024-07-05,140.1
981,20387,1019,KG,76,2025-12-30,80.36
982,20387,1004,EA,34,2024-10-04,149.09
983,20387,1004,EA,96,2024-11-21,23.04
984,20388,1012,LTR,8,2024-07-13,122.95
985,20388,1011,KG,23,2024-07-06,46.58
986,20388,1008,KG,60,2025-07-18,57.14
987,20388,1004,EA,72,2025-01-13,194.26
988,20389,1018,KG,47,2024-07-04,89.57
989,20389,1018,KG,3,2024-07-02,158.95
990,20389,1010,EA,79,2024-10-29,171.15
991,20389,1001,KG,9,2024-01-28,182.01
992,20390,1003,EA,55,2025-07-02,56.55
993,20390,1003,EA,26,2025-01-18,31.46
994,20390,1010,EA,64,2025-07-31,143.38
995,20390,1007,LTR,17,2024-02-16,145.61
996,20391,1013,LTR,25,2024-11-08,10.18
997,20391,1007,LTR,5,2024-11-21,112.73
998,20391,1002,KG,62,2024-03-14,59.9
999,20391,1015,LTR,99,2025-12-07,176.73
1000,20392,1013,LTR,37,2024-10-17,10.75
1001,20392,1009,KG,11,2024-03-15,153.23
1002,20392,1015,LTR,62,2025-03-18,28.09
1003,20393,1017,EA,3,2024-11-18,36.45
1004,20393,1006,EA,82,2025-05-08,68.85
1005,20393,1002,KG,35,2024-08-16,11.08
1006,20394,1002,KG,55,2025-06-03,183.91
1007,20394,1005,LTR,38,2024-01-04,84.25
1008,20394,1018,KG,68,2024-10-22,65.98
1009,20394,1011,KG,85,2024-08-21,102.59
1010,20395,1013,LTR,53,2025-10-28,145.24
1011,20395,1019,KG,81,2025-02-19,20.6
1012,20396,1002,KG,35,2025-02-14,46.45
1013,20396,1006,EA,12,2024-11-10,179.18
1014,20396,1008,KG,34,2025-08-07,35.94
1015,20397,1008,KG,56,2024-06-26,23.89
1016,20397,1011,KG,97,2025-08-11,196.25
1017,20397,1015,LTR,43,2025-07-01,46.77
1018,20398,1005,LTR,31,2025-02-20,101.31
1019,20398,1001,KG,49,2025-04-02,81.12
1020,20399,1008,KG,37,2025-12-20,85.56
1021,20400,1020,LTR,96,2025-04-23,128.81
1022,20400,1001,KG,69,2025-03-02,74.07
1023,20400,1003,EA,73,2024-03-02,24.95
